business_name,category,city,address,phone,website,maps_url,rating,review_count,extracted_date,source_query
Abogados en Puerto Montt - Calixto & Cía.,abogados,Valparaíso,"Antonio Varas 216, Torre del Puerto, OF 309, 5502712 Puerto Montt, Los Lagos, Chile",+56997979827,https://www.abogadosenpuertomontt.cl/,https://www.google.com/maps/search/?api=1&query=Abogados%20en%20Puerto%20Montt%20-%20Calixto%20%26%20C%C3%ADa.&query_place_id=ChIJr9gUUlA6GJYRq_MbFgZE1AE,4.9,402,2026-02-25,abogado Valparaíso
"ANDRES VEGA ALVARADO, 4ta Notaría de la comuna de Puente Alto",abogados,Valparaíso,"Calle José Manuel Balmaceda 371, Local 113, 8180893 Puente Alto, Región Metropolitana, Chile",+56228507837,http://www.notariavega.cl/,https://www.google.com/maps/search/?api=1&query=ANDRES%20VEGA%20ALVARADO%2C%204ta%20Notar%C3%ADa%20de%20la%20comuna%20de%20Puente%20Alto&query_place_id=ChIJLfVaCavXYpYRQLua5vQOZcY,4.3,285,2026-02-25,abogado Valparaíso
D&C Abogados,abogados,Valparaíso,"Blanco 1215, Oficina 1202 Edificio Nautilus, piso 12, 2362633 Valparaíso, Chile",+56322594705,http://www.dycabogados.cl/,https://www.google.com/maps/search/?api=1&query=D%26C%20Abogados&query_place_id=ChIJQ9tPGizhiZYRCISWoa22pQk,4.9,243,2026-02-25,abogado Valparaíso
NOTARIA HENRIQUEZ COQUIMBO y CONSERVADOR DE MINAS COQUIMBO,abogados,Valparaíso,"Francisco Bilbao 451, 1780792 Coquimbo, Chile",+56512545856,http://www.notariahenriquez.cl/,https://www.google.com/maps/search/?api=1&query=NOTARIA%20HENRIQUEZ%20COQUIMBO%20y%20CONSERVADOR%20DE%20MINAS%20COQUIMBO&query_place_id=ChIJxevkEP_IkZYRHllo62uNJQE,4.4,159,2026-02-25,abogado Valparaíso
SALGADO ABOGADOS,abogados,Valparaíso,"Blanco 1215, oficina 1105, Edificio Nautilus, 2340000 Valparaíso, Chile",+56964193389,http://www.salgadoabogados.cl/,https://www.google.com/maps/search/?api=1&query=SALGADO%20ABOGADOS&query_place_id=ChIJCaCeugfhiZYRpwRurdYhhO8,4.9,134,2026-02-25,abogado Valparaíso
Corporacion de Asistencia Judicial Region de Valparaíso,abogados,Valparaíso,"Prat 772, Valparaíso, Chile",+56323254000,http://www.cajval.cl/,https://www.google.com/maps/search/?api=1&query=Corporacion%20de%20Asistencia%20Judicial%20Region%20de%20Valpara%C3%ADso&query_place_id=ChIJT3M45ijhiZYRLKWYGFt6uuI,3.6,113,2026-02-25,abogado Valparaíso
Notaria Manquehual,abogados,Valparaíso,"Huérfanos 941, local 302, Santiago, Región Metropolitana, Chile",+56224907900,http://www.notariamanquehual.cl/,https://www.google.com/maps/search/?api=1&query=Notaria%20Manquehual&query_place_id=ChIJwfmKpoHFYpYRaVdfN6jlXWs,3,111,2026-02-25,abogado Valparaíso
Dreamlex Abogados,abogados,Valparaíso,"Esmeralda 940, Oficina 104, 2363253 Valparaíso, Chile",+56950125250,http://www.dreamlex.cl/,https://www.google.com/maps/search/?api=1&query=Dreamlex%20Abogados&query_place_id=ChIJX7TeO9zhiZYRnoBtM3Ldb1g,5,76,2026-02-25,abogado Valparaíso
Colegio de Abogados de Chile,abogados,Valparaíso,"segundo piso, Paseo Ahumada 341, Santiago, Región Metropolitana, Chile",+56226396175,http://www.colegioabogados.cl/,https://www.google.com/maps/search/?api=1&query=Colegio%20de%20Abogados%20de%20Chile&query_place_id=ChIJM3rPjKPFYpYR6s7E8Ntx8mY,4.2,56,2026-02-25,abogado Valparaíso
Villegas Otarola Abogados SPA,abogados,Valparaíso,"Pdte. Julio A.Roca 1030, Segundo piso, 6201101 Punta Arenas, Magallanes y la Antártica Chilena, Chile",+56992801275,https://villegasotarola.com/,https://www.google.com/maps/search/?api=1&query=Villegas%20Otarola%20Abogados%20SPA&query_place_id=ChIJo2CrBHpjsr0RxfHH-gQUQT4,4.7,44,2026-02-25,abogado Valparaíso
Notaría Cortés,abogados,Valparaíso,"Erasmo Escala 550, 3820631 Chillán Viejo, Ñuble, Chile",+56422222880,http://www.notariacortes.cl/,https://www.google.com/maps/search/?api=1&query=Notar%C3%ADa%20Cort%C3%A9s&query_place_id=ChIJp2a9MtbXaJYRiKzXAIDfL64,2.6,44,2026-02-25,abogado Valparaíso
Defensoría laboral,abogados,Valparaíso,"Retamo 527, 2340154 Valparaíso, Chile",+56950605533,,https://www.google.com/maps/search/?api=1&query=Defensor%C3%ADa%20laboral&query_place_id=ChIJYXFDzTDhiZYR_cyGP4TO1Rc,4.3,43,2026-02-25,abogado Valparaíso
Cobranzas Cobralet,abogados,Valparaíso,"Agustinas 853, 8320199 Santiago, Región Metropolitana, Chile",+56228633500,http://www.cobralet.cl/,https://www.google.com/maps/search/?api=1&query=Cobranzas%20Cobralet&query_place_id=ChIJgZ-vnKXFYpYRIbpMvxzGzko,1.9,41,2026-02-25,abogado Valparaíso
Bernal y Celis Abogadas,abogados,Valparaíso,"Prat 725, Of. 406, 2340000 Valparaíso, Chile",+56963536589,,https://www.google.com/maps/search/?api=1&query=Bernal%20y%20Celis%20Abogadas&query_place_id=ChIJN1clAi7hiZYRcJpBzeTVOG8,5,34,2026-02-25,abogado Valparaíso
Superintendencia de Insolvencia y Reemprendimiento (Superir),abogados,Valparaíso,"Amunátegui 228, Santiago, Región Metropolitana, Chile",+56224952500,http://www.superir.gob.cl/,https://www.google.com/maps/search/?api=1&query=Superintendencia%20de%20Insolvencia%20y%20Reemprendimiento%20(Superir)&query_place_id=ChIJMWFD5KXFYpYRjocpwzDvpWk,3.9,30,2026-02-25,abogado Valparaíso
Primer Juzgado Civil de Valparaíso,abogados,Valparaíso,"Prat 779, piso 4, 2361810 Valparaíso, Chile",+56322137490,http://www.pjud.cl/,https://www.google.com/maps/search/?api=1&query=Primer%20Juzgado%20Civil%20de%20Valpara%C3%ADso&query_place_id=ChIJocYyOSzhiZYR7_epRavMHaM,4.1,23,2026-02-25,abogado Valparaíso
Castillo Undurraga Abogado,abogados,Valparaíso,,+56961198409,https://www.instagram.com/castillo_undurraga_abogado/,https://www.google.com/maps/search/?api=1&query=Castillo%20Undurraga%20Abogado&query_place_id=ChIJF19ap3a5ZqURkfLs8gH5G3c,5,20,2026-02-25,abogado Valparaíso
Martiz Abogados,abogados,Valparaíso,,+56964653130,https://www.martiz.cl/,https://www.google.com/maps/search/?api=1&query=Martiz%20Abogados&query_place_id=ChIJodwNIQGdrg4RiXUEJkSUF9s,5,18,2026-02-25,abogado Valparaíso
El abogado tuerto,abogados,Valparaíso,"Concepción 281, 2370824 Valparaíso, Chile",+56989292066,https://sites.google.com/view/elabogadotuerto/inicio,https://www.google.com/maps/search/?api=1&query=El%20abogado%20tuerto&query_place_id=ChIJJ-Vq7sbhiZYRibYKwfMFm2Y,4.8,13,2026-02-25,abogado Valparaíso
Ciudad Legal,abogados,Valparaíso,"Yungay 1731, Oficina 215. Edificio Soria, 2340000 Valparaíso, Chile",+56322236004,http://www.ciudadlegal.cl/,https://www.google.com/maps/search/?api=1&query=Ciudad%20Legal&query_place_id=ChIJ1QWf9dfgiZYRufKeE_OIVnQ,5,10,2026-02-25,abogado Valparaíso
Manríquez y Benavides Abogados,abogados,Valparaíso,"Almte. Señoret 70, Oficina 74, 2361794 Valparaíso, Chile",+56322216525,http://mbcia.cl/,https://www.google.com/maps/search/?api=1&query=Manr%C3%ADquez%20y%20Benavides%20Abogados&query_place_id=ChIJJ0BcXCzhiZYRqDKoq_tYv8Y,4.9,9,2026-02-25,abogado Valparaíso
Fundación Educere,abogados,Valparaíso,"Pedro Lagos 240, 8180924 Puente Alto, Región Metropolitana, Chile",+56942494918,https://www.educere.cl/,https://www.google.com/maps/search/?api=1&query=Fundaci%C3%B3n%20Educere&query_place_id=ChIJI6yvZlPWYpYRBORXbYGV1l0,4.4,8,2026-02-25,abogado Valparaíso
DIRECCION REGIONAL DE ARICA Y PARINACOTA - CAJTA,abogados,Valparaíso,"Adrian Zúñiga 812, 1001042 Arica, Arica y Parinacota, Chile",+56582594511,http://www.cajta.cl/,https://www.google.com/maps/search/?api=1&query=DIRECCION%20REGIONAL%20DE%20ARICA%20Y%20PARINACOTA%20-%20CAJTA&query_place_id=ChIJITMrh-ipWpER3qbQiYSWefA,4.4,7,2026-02-25,abogado Valparaíso
Di Lertora Vasquez Romeo,abogados,Valparaíso,"Pl. de La Justicia 45, Valparaíso, Chile",+56989994377,,https://www.google.com/maps/search/?api=1&query=Di%20Lertora%20Vasquez%20Romeo&query_place_id=ChIJWRIuri3hiZYR080C66mCReM,5,7,2026-02-25,abogado Valparaíso
Abogados de Familia,abogados,Valparaíso,"Enrique Mac Iver 822, 8081690 San Bernardo, Región Metropolitana, Chile",+56977503188,,https://www.google.com/maps/search/?api=1&query=Abogados%20de%20Familia&query_place_id=ChIJqQQx-jPZYpYRibtoZH9x38M,5,7,2026-02-25,abogado Valparaíso
MAC Abogados,abogados,Valparaíso,"Paseo Ahumada 312, 8320185 Santiago, Región Metropolitana, Chile",+56226750302,http://www.macabogados.cl/,https://www.google.com/maps/search/?api=1&query=MAC%20Abogados&query_place_id=ChIJ5SIO4aDFYpYReqECRM48GHs,4.8,6,2026-02-25,abogado Valparaíso
Colegio de Abogados de Valparaíso,abogados,Valparaíso,"Pl. de La Justicia, 2362413 Valparaíso, Chile",+56322212962,https://www.abogados-valparaiso.cl/,https://www.google.com/maps/search/?api=1&query=Colegio%20de%20Abogados%20de%20Valpara%C3%ADso&query_place_id=ChIJhVZNpS3hiZYR3D38NNHUzaw,4.2,5,2026-02-25,abogado Valparaíso
Abogados Valpo Laboral,abogados,Valparaíso,"Blanco 1041, Valparaíso, Chile",+56322594357,,https://www.google.com/maps/search/?api=1&query=Abogados%20Valpo%20Laboral&query_place_id=ChIJUdvZXCnhiZYRLRiBsHqFGRY,2.6,5,2026-02-25,abogado Valparaíso
Eugenio Jimenez Larraín,abogados,Valparaíso,"Calle Vicuna Mackenna 370, P01 Dp 08, Ovalle, Coquimbo, Chile",+56532624294,,https://www.google.com/maps/search/?api=1&query=Eugenio%20Jimenez%20Larra%C3%ADn&query_place_id=ChIJD907JFY1jpYRmwIUB_fhwqU,1.8,5,2026-02-25,abogado Valparaíso
ProInnova Abogados,abogados,Valparaíso,"Agustinas 814, 0ficina 1006, 8320223 Santiago, Región Metropolitana, Chile",+56226385232,http://www.proinnova.cl/,https://www.google.com/maps/search/?api=1&query=ProInnova%20Abogados&query_place_id=ChIJQZRQgqHFYpYRY-84RN1PpLY,2.8,5,2026-02-25,abogado Valparaíso
Colegio de Abogados de Chile Regional Concepcion,abogados,Valparaíso,"Castellón 432, Concepción, Bío Bío, Chile",+56412251580,https://www.carc.cl/,https://www.google.com/maps/search/?api=1&query=Colegio%20de%20Abogados%20de%20Chile%20Regional%20Concepcion&query_place_id=ChIJKyKvj9G1aZYR5iljR8xb8no,3.5,4,2026-02-25,abogado Valparaíso
Abogado Antonio Moreno,abogados,Valparaíso,"Gral. Aldunate n° 9, local n° 3, 4790674 Temuco, Araucanía, Chile",+56996551767,https://www.abogadoantoniomoreno.cl/,https://www.google.com/maps/search/?api=1&query=Abogado%20Antonio%20Moreno&query_place_id=ChIJVWpxpIDTFJYR4VyT4xCwdUs,5,4,2026-02-25,abogado Valparaíso
Silva y venegas abogados,abogados,Valparaíso,"Av. Cristobal Colón 842, 6200777 Punta Arenas, Magallanes y la Antártica Chilena, Chile",+56954021957,,https://www.google.com/maps/search/?api=1&query=Silva%20y%20venegas%20abogados&query_place_id=ChIJNxoEPr1jsr0RtLlZa0avfM4,4,4,2026-02-25,abogado Valparaíso
Escuela de Postgrado Derecho UChile,abogados,Valparaíso,"Avenida Santa María 200, Av. Sta. María 214, 7520400 Providencia, Región Metropolitana, Chile",+56229772609,https://postgrados.derecho.uchile.cl/,https://www.google.com/maps/search/?api=1&query=Escuela%20de%20Postgrado%20Derecho%20UChile&query_place_id=ChIJGSSl3oTFYpYRG8LeFotgvxM,4.8,4,2026-02-25,abogado Valparaíso
Cantelli & Cía abogados,abogados,Valparaíso,"Prat 725, oficina 407, 2340000 Valparaíso, Chile",+56940771175,https://www.abogadoscantelli.cl/,https://www.google.com/maps/search/?api=1&query=Cantelli%20%26%20C%C3%ADa%20abogados&query_place_id=ChIJpaPCsyXhiZYR9LFhjIrhKCc,5,3,2026-02-25,abogado Valparaíso
DECA & Asociados Estudio Juridico,abogados,Valparaíso,"Almte. Señoret n°151, Ofc122, Valparaíso, Chile",+56322213966,,https://www.google.com/maps/search/?api=1&query=DECA%20%26%20Asociados%20Estudio%20Juridico&query_place_id=ChIJ5WgTRSzhiZYREEjt4GVTVZA,3.3,3,2026-02-25,abogado Valparaíso
Juzgado de Letras Isla de pascua,abogados,Valparaíso,"Pont, 2770000 Hanga Roa, Isla de Pascua, Valparaíso, Chile",+56322100223,,https://www.google.com/maps/search/?api=1&query=Juzgado%20de%20Letras%20Isla%20de%20pascua&query_place_id=ChIJvQQArLr7R5kRmytsMDzVDTo,5,2,2026-02-25,abogado Valparaíso
FUENTES ABOGADOS- Osvaldo Fuentes Peña.,abogados,Valparaíso,"Edificio Nautilus - Blanco 1215, Oficina 501, Valparaíso, Chile",+56977478613,http://www.fuentesabogados.cl/,https://www.google.com/maps/search/?api=1&query=FUENTES%20ABOGADOS-%20Osvaldo%20Fuentes%20Pe%C3%B1a.&query_place_id=ChIJRVgyVynhiZYRn-vsHF7IOZU,5,2,2026-02-25,abogado Valparaíso
Estudio Juridico Valparaiso,abogados,Valparaíso,"Av. Fundadores 970, of F, Curauma, 2340000 Valparaíso, Chile",+56977036891,http://www.vanguardialegal.cl/,https://www.google.com/maps/search/?api=1&query=Estudio%20Juridico%20Valparaiso&query_place_id=ChIJFwEnBcx1YpYRZnVmfkYPa-s,5,2,2026-02-25,abogado Valparaíso
Juicios & Asesorías SpA,abogados,Valparaíso,"Prat 725, Oficina 204, 2361830 Valparaíso, Chile",+56959337090,http://www.juiciosyasesorias.cl/,https://www.google.com/maps/search/?api=1&query=Juicios%20%26%20Asesor%C3%ADas%20SpA&query_place_id=ChIJ4Y50SCzhiZYR9rOqrns98rA,5,1,2026-02-25,abogado Valparaíso
CENATRAB (Abogados Laborales),abogados,Valparaíso,"Urmeneta 305, oficina 803, 5502760 Puerto Montt, Los Lagos, Chile",+56652229459,,https://www.google.com/maps/search/?api=1&query=CENATRAB%20(Abogados%20Laborales)&query_place_id=ChIJNf11nVE6GJYR5T10i54zXAo,5,1,2026-02-25,abogado Valparaíso
"Estudio Juridico Hector Petit Moreno, Especialista en materia Penal y litigación oral.",abogados,Valparaíso,"Edificio Puerto Principal, Cochrane 639, oficina 46, 2340105 Valparaíso, Chile",+56999120234,,https://www.google.com/maps/search/?api=1&query=Estudio%20Juridico%20Hector%20Petit%20Moreno%2C%20Especialista%20en%20materia%20Penal%20y%20litigaci%C3%B3n%20oral.&query_place_id=ChIJ-4gTD9_hiZYRJ5naFSFGcuo,5,1,2026-02-25,abogado Valparaíso
Quorum Mediación Privada,abogados,Valparaíso,"Prat 846, Piso 3 A, Valparaíso, Chile",+56988078650,,https://www.google.com/maps/search/?api=1&query=Quorum%20Mediaci%C3%B3n%20Privada&query_place_id=ChIJnymu_-PdiZYRMxo69YZ2pN0,5,1,2026-02-25,abogado Valparaíso
Jose Isidoro Villalobos García Huidobro,abogados,Valparaíso,"C. 1 Sur 865, 3460000 Talca, Maule, Chile",+56712218300,,https://www.google.com/maps/search/?api=1&query=Jose%20Isidoro%20Villalobos%20Garc%C3%ADa%20Huidobro&query_place_id=ChIJOVOJWaDGZZYRPf-xaSBmHPw,,0,2026-02-25,abogado Valparaíso
Mohor Asociados,abogados,Valparaíso,"Gregorio Cordovez 490, 1710105 La Serena, Coquimbo, Chile",+56974298185,https://www.mohorasociados.cl/,https://www.google.com/maps/search/?api=1&query=Mohor%20Asociados&query_place_id=ChIJlfsR9RDLkZYRXfFf9agFyq0,,0,2026-02-25,abogado Valparaíso
La Serena Abogados,abogados,Valparaíso,,+56942729219,https://www.laserenaabogados.cl/,https://www.google.com/maps/search/?api=1&query=La%20Serena%20Abogados&query_place_id=ChIJizmDzujzryYRwB5mivmliIc,,0,2026-02-25,abogado Valparaíso
Asesoría Jurídica Limarí,abogados,Valparaíso,,+56945821432,,https://www.google.com/maps/search/?api=1&query=Asesor%C3%ADa%20Jur%C3%ADdica%20Limar%C3%AD&query_place_id=ChIJ5Y14EQO-TycRtpQJfTqGHSU,,0,2026-02-25,abogado Valparaíso
Abogada Camila Molina Tapia.,abogados,Valparaíso,,+56942802889,http://abogadamolina.cl/,https://www.google.com/maps/search/?api=1&query=Abogada%20Camila%20Molina%20Tapia.&query_place_id=ChIJU9bVy02LLUcRA3Lvz3MrFAY,,0,2026-02-25,abogado Valparaíso
ABOGADOS INDEMNIZACIÓN NEGLIGENCIAS VÍCTIMAS,abogados,Valparaíso,"Cristóbal Colón 359, 1780000 La Serena, Coquimbo, Chile",+56977634661,https://abogados-coquimbo-la-serena-mario-robledo-santelices.ueniweb.com/?utm_campaign=gmb,https://www.google.com/maps/search/?api=1&query=ABOGADOS%20INDEMNIZACI%C3%93N%20NEGLIGENCIAS%20V%C3%8DCTIMAS&query_place_id=ChIJe5zt9MLJkZYRwendLmdUlbE,,0,2026-02-25,abogado Valparaíso
Andrés Hess - Abogado,abogados,Valparaíso,,+56935666579,https://www.al-hess.cl/,https://www.google.com/maps/search/?api=1&query=Andr%C3%A9s%20Hess%20-%20Abogado&query_place_id=ChIJz-dsRP7K-QgRwdT6myEebKw,,0,2026-02-25,abogado Valparaíso
Abogado Juan vilichich & Asociados La Serena,abogados,Valparaíso,,+56989218159,https://www.facebook.com/abogado.vilichich.LaSerena/,https://www.google.com/maps/search/?api=1&query=Abogado%20Juan%20vilichich%20%26%20Asociados%20La%20Serena&query_place_id=ChIJbdMc9GdxLwgR9ueUPLH5uZc,,0,2026-02-25,abogado Valparaíso
JUSTICIA CON ALMA,abogados,Valparaíso,,+56998888889,https://sites.google.com/view/justicia-con-alma,https://www.google.com/maps/search/?api=1&query=JUSTICIA%20CON%20ALMA&query_place_id=ChIJD7N3gagFuUURTRrwiXthL04,,0,2026-02-25,abogado Valparaíso
ByR Servicios Juridicos,abogados,Valparaíso,,+56933784747,https://www.byrjuridico.com/,https://www.google.com/maps/search/?api=1&query=ByR%20Servicios%20Juridicos&query_place_id=ChIJy2vRAA7z6W8RodRlUAy_wPQ,,0,2026-02-25,abogado Valparaíso
Jonathan Pasten Abogado,abogados,Valparaíso,,+56976965141,,https://www.google.com/maps/search/?api=1&query=Jonathan%20Pasten%20Abogado&query_place_id=ChIJ3ap_vefJjywRsXKqWX6boo8,,0,2026-02-25,abogado Valparaíso
Receptora Judicial Nathaly Parada La Serena,abogados,Valparaíso,,+56992417662,,https://www.google.com/maps/search/?api=1&query=Receptora%20Judicial%20Nathaly%20Parada%20La%20Serena&query_place_id=ChIJnw70i2tqNS0RgZ-3cKvCgZc,,0,2026-02-25,abogado Valparaíso
Defensa Experta,abogados,Valparaíso,,+56984106617,https://www.defensaexperta.cl/,https://www.google.com/maps/search/?api=1&query=Defensa%20Experta&query_place_id=ChIJZ4RqTx3BZkQRIaYNgWzqiXg,,0,2026-02-25,abogado Valparaíso
Francisco Elgueta Robles Abogado,abogados,Valparaíso,,+56973352910,,https://www.google.com/maps/search/?api=1&query=Francisco%20Elgueta%20Robles%20Abogado&query_place_id=ChIJ3ZWQLCGX9Q4R1LWLp9shFfg,,0,2026-02-25,abogado Valparaíso
ThompsonbrooksAbogados,abogados,Valparaíso,,+56923979979,,https://www.google.com/maps/search/?api=1&query=ThompsonbrooksAbogados&query_place_id=ChIJ4_e8W7_6ZYMRAfz1HAWmvyg,,0,2026-02-25,abogado Valparaíso
ARGANDOÑA&CIA ABOGADOS,abogados,Valparaíso,,+56961199880,https://argandonaycia.cl/#b3-flex-full-modules,https://www.google.com/maps/search/?api=1&query=ARGANDO%C3%91A%26CIA%20ABOGADOS&query_place_id=ChIJS61238MvUUIRWhkveFDc7yo,,0,2026-02-25,abogado Valparaíso
MAJOO abogados,abogados,Valparaíso,,+56942550888,https://majoo.cl/,https://www.google.com/maps/search/?api=1&query=MAJOO%20abogados&query_place_id=ChIJMTZKJKdcl4YRM1QKzzPiW8A,,0,2026-02-25,abogado Valparaíso
Peritajes Boyd,abogados,Valparaíso,,+56994429907,https://www.peritajesboyd.cl/,https://www.google.com/maps/search/?api=1&query=Peritajes%20Boyd&query_place_id=ChIJZ5br8Z21lIARr6FPezGBhqU,,0,2026-02-25,abogado Valparaíso
SIT,abogados,Valparaíso,,+56988283881,,https://www.google.com/maps/search/?api=1&query=SIT&query_place_id=ChIJZ_ga1_0qKKQR8GI89Ic55xo,,0,2026-02-25,abogado Valparaíso
G&D Abogadas,abogados,Valparaíso,,+56995642602,http://www.gdabogadas.cl/,https://www.google.com/maps/search/?api=1&query=G%26D%20Abogadas&query_place_id=ChIJRch-nFO0VagRkYDntC4kRwM,,0,2026-02-25,abogado Valparaíso
Consuelo Giselle,abogados,Valparaíso,,+56953126438,,https://www.google.com/maps/search/?api=1&query=Consuelo%20Giselle&query_place_id=ChIJJeE0ikalgUkRHrWmFOoMp28,,0,2026-02-25,abogado Valparaíso
mbcia,abogados,Valparaíso,"Bandera, 8320298 Santiago, Región Metropolitana, Chile",+56224896000,http://www.mbcia.cl/contacto.html,https://www.google.com/maps/search/?api=1&query=mbcia&query_place_id=ChIJe2libaTFYpYR29GagSZhDgg,,0,2026-02-25,abogado Valparaíso
Gestion Legal Chile,abogados,Valparaíso,,+56978048063,http://www.gestiondefensalegal.cl/,https://www.google.com/maps/search/?api=1&query=Gestion%20Legal%20Chile&query_place_id=ChIJkwa4V3gTCqIRdZfLCxQATPc,,0,2026-02-25,abogado Valparaíso
licenciada jp,abogados,Valparaíso,,+56964458861,,https://www.google.com/maps/search/?api=1&query=licenciada%20jp&query_place_id=ChIJ_xukhqDnPYEROFZ0wwbHGjk,,0,2026-02-25,abogado Valparaíso
Divorcios y pensiones,abogados,Valparaíso,,+56226971380,,https://www.google.com/maps/search/?api=1&query=Divorcios%20y%20pensiones&query_place_id=ChIJK63jFKTFYpYRmRjHwTtgn38,,0,2026-02-25,abogado Valparaíso
Tu Caso Laboral,abogados,Valparaíso,,,http://www.tucasolaboral.cl/,https://www.google.com/maps/search/?api=1&query=Tu%20Caso%20Laboral&query_place_id=ChIJOzcW-BbmBK4RRzrzBsIF5pA,,0,2026-02-25,abogado Valparaíso
Alejandro Chandia Abogado,abogados,Valparaíso,"Miraflores 178, 8320215 Santiago, Región Metropolitana, Chile",+56992109252,http://alejandrochandia.cl/,https://www.google.com/maps/search/?api=1&query=Alejandro%20Chandia%20Abogado&query_place_id=ChIJ3WCYWJ_FYpYRwCfi4y2x850,,0,2026-02-25,abogado Valparaíso
Rutas Formativas Laborales,abogados,Valparaíso,"Miraflores 130, 8320215 Santiago, Región Metropolitana, Chile",+566003001999,https://rutasformativolaborales.cl/,https://www.google.com/maps/search/?api=1&query=Rutas%20Formativas%20Laborales&query_place_id=ChIJVVXl36HFYpYRf9gShnDbJRk,,0,2026-02-25,abogado Valparaíso
Abogados Delgado & CIA,abogados,Valparaíso,"Prat n°814, oficina 503, 2340000 Valparaíso, Chile",+56322587337,,https://www.google.com/maps/search/?api=1&query=Abogados%20Delgado%20%26%20CIA&query_place_id=ChIJuSmMS-fhiZYR9TlDFAo-_IE,,0,2026-02-25,abogado Valparaíso
Magasich y Compania,abogados,Valparaíso,"Prat 725, 2340000 Valparaíso, Chile",,http://www.magasichycia.cl/,https://www.google.com/maps/search/?api=1&query=Magasich%20y%20Compania&query_place_id=ChIJCY8KOCzhiZYRWMI23H0WI_E,,0,2026-02-25,abogado Valparaíso
Sucursal Caja los Andes - Viña Del Mar,clinicas,Valparaíso,"Quinta 269, 2571512 Viña del Mar, Valparaíso, Chile",+566005100000,https://agendamiento.cajalosandes.cl/,https://www.google.com/maps/search/?api=1&query=Sucursal%20Caja%20los%20Andes%20-%20Vi%C3%B1a%20Del%20Mar&query_place_id=ChIJjYHyHAreiZYRBinAqQju9A4,3.9,890,2026-02-25,clínica médica Valparaíso
Hospital Dr. Gustavo Fricke,clinicas,Valparaíso,"Álvarez 1532, Viña del Mar, Valparaíso, Chile",+56322577603,http://www.hospitalfricke.cl/,https://www.google.com/maps/search/?api=1&query=Hospital%20Dr.%20Gustavo%20Fricke&query_place_id=ChIJL5PYRnHeiZYR110hAufZ6Xw,3.3,795,2026-02-25,clínica médica Valparaíso
Centro Médico Veterinario de Valparaíso,clinicas,Valparaíso,"Doce de Febrero 73, 2340002 Valparaíso, Chile",+56322757309,,https://www.google.com/maps/search/?api=1&query=Centro%20M%C3%A9dico%20Veterinario%20de%20Valpara%C3%ADso&query_place_id=ChIJDefCfNrgiZYR5wMZgwW2-CI,4.2,682,2026-02-25,clínica médica Valparaíso
Centro Médico CEMIN,clinicas,Valparaíso,"Progreso 279, Villa Alemana, Valparaíso, Chile",+56323244900,http://www.cemin.cl/,https://www.google.com/maps/search/?api=1&query=Centro%20M%C3%A9dico%20CEMIN&query_place_id=ChIJzyIpsXjXiZYR0n0olJFNhio,4.2,663,2026-02-25,clínica médica Valparaíso
SPA & Wellness Dr. Roy Sothers,clinicas,Valparaíso,"Av. Borgoño 12425, Viña del Mar, Valparaíso, Chile",+56976182533,http://www.sparoysothers.cl/,https://www.google.com/maps/search/?api=1&query=SPA%20%26%20Wellness%20Dr.%20Roy%20Sothers&query_place_id=ChIJITUGRqLdiZYRApO0fcLEB7U,4.4,481,2026-02-25,clínica médica Valparaíso
Hospital Carlos Van Buren,clinicas,Valparaíso,"San Ignacio 725, Valparaíso, Chile",+56322364000,http://www.hospitalcarlosvanburen.cl/,https://www.google.com/maps/search/?api=1&query=Hospital%20Carlos%20Van%20Buren&query_place_id=ChIJU20wfdzgiZYRph8Pllr77hg,3.2,407,2026-02-25,clínica médica Valparaíso
Clínica Oftalmológica ISV,clinicas,Valparaíso,"4 Nte. 1330, 2520000 Valparaíso, Viña del Mar, Valparaíso, Chile",+56322380800,https://www.clinicaisv.cl/,https://www.google.com/maps/search/?api=1&query=Cl%C3%ADnica%20Oftalmol%C3%B3gica%20ISV&query_place_id=ChIJbwaJ1d7diZYRZ-Di8iX1Jm8,3.9,295,2026-02-25,clínica médica Valparaíso
Clínica Veterinaria Doctor Martín Ormeño Franco,clinicas,Valparaíso,"Arlegui 1109, 2520454 Viña del Mar, Valparaíso, Chile",+56322694715,,https://www.google.com/maps/search/?api=1&query=Cl%C3%ADnica%20Veterinaria%20Doctor%20Mart%C3%ADn%20Orme%C3%B1o%20Franco&query_place_id=ChIJQ7BgC3XeiZYRXTZLdGu4c2U,3.5,281,2026-02-25,clínica médica Valparaíso
ICNC - Instituto Clinico de Neurociencias,clinicas,Valparaíso,"Arlegui, Gala 263, Oficina 603. Edificio, Viña del Mar, Valparaíso, Chile",+56322883938,http://www.icnc.cl/,https://www.google.com/maps/search/?api=1&query=ICNC%20-%20Instituto%20Clinico%20de%20Neurociencias&query_place_id=ChIJv8Yn4eLdiZYRh27koQ_G_sg,4.7,273,2026-02-25,clínica médica Valparaíso
Centro Más Salud Kinesiología,clinicas,Valparaíso,"Av. Valparaíso 161, oficina 6, Viña del Mar, Valparaíso, Chile",+56974980021,http://www.centromassalud.cl/,https://www.google.com/maps/search/?api=1&query=Centro%20M%C3%A1s%20Salud%20Kinesiolog%C3%ADa&query_place_id=ChIJBX9t6dXdiZYReJc2cyl5usA,5,203,2026-02-25,clínica médica Valparaíso
Dermatología Fischer,clinicas,Valparaíso,"12 Nte. 785, piso 4 oficina 402, 2520000 Viña del Mar, Valparaíso, Chile",+56942928212,https://www.dermatologiafischer.cl/,https://www.google.com/maps/search/?api=1&query=Dermatolog%C3%ADa%20Fischer&query_place_id=ChIJjanai5rdiZYRsjQx7dbfjSc,3.8,201,2026-02-25,clínica médica Valparaíso
Clínica Clever Salud (Rancagua),clinicas,Valparaíso,"Cáceres 630, 2840248 Rancagua, O'Higgins, Chile",+566004010600,https://www.cleversalud.cl/,https://www.google.com/maps/search/?api=1&query=Cl%C3%ADnica%20Clever%20Salud%20(Rancagua)&query_place_id=ChIJ53xL6edDY5YRp04dxzWjOxI,2.8,190,2026-02-25,clínica médica Valparaíso
Diagno Salud Quilpué,clinicas,Valparaíso,"Aníbal Pinto 843 Quilpué, 2430000 Valparaíso, Chile",+566004509000,http://www.diagno.cl/,https://www.google.com/maps/search/?api=1&query=Diagno%20Salud%20Quilpu%C3%A9&query_place_id=ChIJ4-WGNDDZiZYRMyJFRivGFW8,2.6,172,2026-02-25,clínica médica Valparaíso
Universidad de Las Américas (UDLA) Viña del Mar,clinicas,Valparaíso,"7 Nte. 1348, 2531098 Valparaíso, Viña del Mar, Valparaíso, Chile",+56800242800,https://admision.udla.cl/,https://www.google.com/maps/search/?api=1&query=Universidad%20de%20Las%20Am%C3%A9ricas%20(UDLA)%20Vi%C3%B1a%20del%20Mar&query_place_id=ChIJl893YNndiZYRkz3XvIC9uo4,4.6,162,2026-02-25,clínica médica Valparaíso
Centro Médico Neokin | Rehabilitación | Medicina | Rendimiento,clinicas,Valparaíso,"Edificio Piedra Azul - 1 Pte 123, of 701-C, Viña del Mar, Valparaíso, Chile",+56322970823,https://neokin.cl/,https://www.google.com/maps/search/?api=1&query=Centro%20M%C3%A9dico%20Neokin%20%7C%20Rehabilitaci%C3%B3n%20%7C%20Medicina%20%7C%20Rendimiento&query_place_id=ChIJb3snreHdiZYRcAMEaO3aovs,4.9,158,2026-02-25,clínica médica Valparaíso
Laboratorio Clínico Insi,clinicas,Valparaíso,"Vicuña Mackenna 874, Local 2, Quilpué, Valparaíso, Chile",+56322189450,http://www.laboratorioinsi.cl/,https://www.google.com/maps/search/?api=1&query=Laboratorio%20Cl%C3%ADnico%20Insi&query_place_id=ChIJ_WEy9BzZiZYRopHCEbR-tU8,3,156,2026-02-25,clínica médica Valparaíso
Universidad Santo Tomás Viña del Mar,clinicas,Valparaíso,"1 Nte. 3041, Viña del Mar, Valparaíso, Chile",+56322448000,http://www.santotomas.cl/,https://www.google.com/maps/search/?api=1&query=Universidad%20Santo%20Tom%C3%A1s%20Vi%C3%B1a%20del%20Mar&query_place_id=ChIJPyMCn8LdiZYRHiQBXxKfsto,4.3,154,2026-02-25,clínica médica Valparaíso
Hospital Naval Talcahuano,clinicas,Valparaíso,"Talcahuano, Bío Bío, Chile",+56412743028,https://www.hospitalnavaltalcahuano.cl/,https://www.google.com/maps/search/?api=1&query=Hospital%20Naval%20Talcahuano&query_place_id=ChIJ99LiOMI1aJYRDReDRUzfOhU,3.1,121,2026-02-25,clínica médica Valparaíso
Centro de Hipnosis Clínica Viña del Mar,clinicas,Valparaíso,"14 Nte. 571, of 210, 2520012 Viña del Mar, Valparaíso, Chile",+56323271507,http://www.hipnosisclinica.cl/,https://www.google.com/maps/search/?api=1&query=Centro%20de%20Hipnosis%20Cl%C3%ADnica%20Vi%C3%B1a%20del%20Mar&query_place_id=ChIJM7f9_undiZYRAy3IhMgepXc,5,120,2026-02-25,clínica médica Valparaíso
Podología Di,clinicas,Valparaíso,"Edificio Pamplona - 12 Nte. 785, Oficina 802, Viña del Mar, Valparaíso, Chile",+56988245645,https://podologiadi.site.agendapro.com/cl,https://www.google.com/maps/search/?api=1&query=Podolog%C3%ADa%20Di&query_place_id=ChIJC5PRj-ndiZYRuZF65rj16z4,5,115,2026-02-25,clínica médica Valparaíso
Darsalud,clinicas,Valparaíso,"Barros Luco 2069, 2662766 San Antonio, Valparaíso, Chile",+56352219957,http://www.darsalud.cl/,https://www.google.com/maps/search/?api=1&query=Darsalud&query_place_id=ChIJE3iNC1Y4YpYRb1eQPq-76gw,2.7,101,2026-02-25,clínica médica Valparaíso
CESFAM - Sapu Quebrada Verde,clinicas,Valparaíso,"Levarte 1405, 2361624 Playa Ancha, Valparaíso, Chile",+56322136203,,https://www.google.com/maps/search/?api=1&query=CESFAM%20-%20Sapu%20Quebrada%20Verde&query_place_id=ChIJ91N1M8rmiZYRknJh5PDEO3Q,3.1,96,2026-02-25,clínica médica Valparaíso
Centro Médico VillaMED,clinicas,Valparaíso,"Lord Cochrane 451, 5310329 Osorno, Los Lagos, Chile",+56642275899,https://www.villamed.cl/,https://www.google.com/maps/search/?api=1&query=Centro%20M%C3%A9dico%20VillaMED&query_place_id=ChIJHWd85182FpYRdNrD6ldJWug,3.7,89,2026-02-25,clínica médica Valparaíso
Emecar,clinicas,Valparaíso,"C. Limache 3437, Viña del Mar, Valparaíso, Chile",+56322373900,http://www.emecar.cl/,https://www.google.com/maps/search/?api=1&query=Emecar&query_place_id=ChIJVU6YhuDdiZYRa16q847YgCE,2,68,2026-02-25,clínica médica Valparaíso
Centro de Salud CAPREDENA Valparaíso,clinicas,Valparaíso,"Av. Brasil 1930, 2362847 Valparaíso, Chile",+566008306700,https://www.capredena.gob.cl/centros-de-salud,https://www.google.com/maps/search/?api=1&query=Centro%20de%20Salud%20CAPREDENA%20Valpara%C3%ADso&query_place_id=ChIJHYuP1dngiZYRcGnj3fv8nCI,3.2,55,2026-02-25,clínica médica Valparaíso
CESFAM Barón,clinicas,Valparaíso,"Blanco Viel 661, Valparaíso, Chile",+56800500507,https://cesfambaron.wordpress.com/,https://www.google.com/maps/search/?api=1&query=CESFAM%20Bar%C3%B3n&query_place_id=ChIJIV6xPsngiZYRXa3KBEpisHY,3.2,54,2026-02-25,clínica médica Valparaíso
Laboratorio Clínico Popular,clinicas,Valparaíso,"Sta. Elena 49-37, 2353222 Valparaíso, Chile",+56945448497,http://www.redsaludpopular.cl/,https://www.google.com/maps/search/?api=1&query=Laboratorio%20Cl%C3%ADnico%20Popular&query_place_id=ChIJR0Ec3mvhiZYRnMhDG1XH4HA,3.8,53,2026-02-25,clínica médica Valparaíso
BioNet Viña del Mar,clinicas,Valparaíso,"1 Pte 808, Viña del Mar, Valparaíso, Chile",+56223997664,http://www.bionet.cl/,https://www.google.com/maps/search/?api=1&query=BioNet%20Vi%C3%B1a%20del%20Mar&query_place_id=ChIJMcWuz-fdiZYRnoMzabrfcqM,3.6,52,2026-02-25,clínica médica Valparaíso
Farmacia Veterinaria My Pets Oquiz Viña del Mar,clinicas,Valparaíso,"Álvarez 646, local 101, 2520000 Valparaíso, Viña del Mar, Valparaíso, Chile",+56993496270,http://www.mypetsoquiz.cl/,https://www.google.com/maps/search/?api=1&query=Farmacia%20Veterinaria%20My%20Pets%20Oquiz%20Vi%C3%B1a%20del%20Mar&query_place_id=ChIJv6rHEwXfiZYRDwAesfc5v3g,4.2,49,2026-02-25,clínica médica Valparaíso
Centro de Salud Familiar Brígida Zavala,clinicas,Valparaíso,"Av. Blanca Vergara 1794, 2571908 Viña del Mar, Valparaíso, Chile",+56322581776,,https://www.google.com/maps/search/?api=1&query=Centro%20de%20Salud%20Familiar%20Br%C3%ADgida%20Zavala&query_place_id=ChIJ3X9oum7eiZYRdsN11y7qQ84,2.1,48,2026-02-25,clínica médica Valparaíso
Clínica Vidasalud,clinicas,Valparaíso,"O'Higgins 90, 2100721 Los Andes, Valparaíso, Chile",+56342297995,,https://www.google.com/maps/search/?api=1&query=Cl%C3%ADnica%20Vidasalud&query_place_id=ChIJ_305590EiJYRT6Saj1OXCxg,3.4,36,2026-02-25,clínica médica Valparaíso
Sanatorio Marítimo San Juan de Dios,clinicas,Valparaíso,"Avenida Atlántico, Av. Gómez Carreño 4050, 3º Sector, 2540934 Viña del Mar, Valparaíso, Chile",+56322138000,http://www.sanatoriomaritimo.cl/,https://www.google.com/maps/search/?api=1&query=Sanatorio%20Mar%C3%ADtimo%20San%20Juan%20de%20Dios&query_place_id=ChIJp_xV0EvciZYRnen3Cpd7U2A,4.4,35,2026-02-25,clínica médica Valparaíso
Centro Médico CENDIMED,clinicas,Valparaíso,"Bernardo O'Higgins 500, 5312319 Osorno, Los Lagos, Chile",+56642245600,http://www.cendimed.cl/,https://www.google.com/maps/search/?api=1&query=Centro%20M%C3%A9dico%20CENDIMED&query_place_id=ChIJD5owN_U2FpYR8QpGu42mdKE,2.8,35,2026-02-25,clínica médica Valparaíso
UVM - Universidad Viña del Mar,clinicas,Valparaíso,"Los Fresnos 91, Viña del Mar, Valparaíso, Chile",+56322462400,http://www.uvm.cl/,https://www.google.com/maps/search/?api=1&query=UVM%20-%20Universidad%20Vi%C3%B1a%20del%20Mar&query_place_id=ChIJrQMQtnveiZYRVZeBN6twxj8,4.4,33,2026-02-25,clínica médica Valparaíso
Dr. Erwin Gallardo Navarro,clinicas,Valparaíso,"Av Angamos, 44 reñaca 185, 2520000 Viña del Mar, Valparaíso, Chile",+56322839147,https://www.facebook.com/Dr-Erwin-Gallardo-Navarro-108641187379794/,https://www.google.com/maps/search/?api=1&query=Dr.%20Erwin%20Gallardo%20Navarro&query_place_id=ChIJyZ6VLgzdiZYR4duQy8VYrcs,2.3,29,2026-02-25,clínica médica Valparaíso
Centro de Salud 18 de Septiembre,clinicas,Valparaíso,"Errázuriz 1178, Piso 2, 2340000 Valparaíso, Chile",+56322457000,http://www.caja18.cl/,https://www.google.com/maps/search/?api=1&query=Centro%20de%20Salud%2018%20de%20Septiembre&query_place_id=ChIJPe3kDCnhiZYRy4empxsiefg,1.9,27,2026-02-25,clínica médica Valparaíso
Centro Médico Imagen Plus,clinicas,Valparaíso,"Rodríguez 460, 2340000 Valparaíso, Chile",+56975383226,http://www.imagenplus.cl/,https://www.google.com/maps/search/?api=1&query=Centro%20M%C3%A9dico%20Imagen%20Plus&query_place_id=ChIJsbSfU1jhiZYRq2pG3UkBMPE,3.6,26,2026-02-25,clínica médica Valparaíso
Direccion de Prevision de Carabineros de Chile,clinicas,Valparaíso,"3 Nte. 1175, 2520794 Viña del Mar, Valparaíso, Chile",+566006135600,,https://www.google.com/maps/search/?api=1&query=Direccion%20de%20Prevision%20de%20Carabineros%20de%20Chile&query_place_id=ChIJAWga4cTdiZYR7C-hBRfIiMA,2.2,24,2026-02-25,clínica médica Valparaíso
Radiologia Mujer,clinicas,Valparaíso,"CALLE LIMACHE 1724 OFICINA 1801 EDIFICIO CONTEMPORANEO, Viña del Mar, Valparaíso, Chile",+56323768227,http://www.radiologiamujer.cl/,https://www.google.com/maps/search/?api=1&query=Radiologia%20Mujer&query_place_id=ChIJ_9Kq1-TfiZYRAkNvBXjgi9k,3.3,21,2026-02-25,clínica médica Valparaíso
Escuela de Psicología PUCV,clinicas,Valparaíso,"El Bosque 1290, Viña del Mar, Valparaíso, Chile",+56322274361,http://www.psiucv.cl/,https://www.google.com/maps/search/?api=1&query=Escuela%20de%20Psicolog%C3%ADa%20PUCV&query_place_id=ChIJe5UhLsXdiZYRsd2lp5uS4Po,5,20,2026-02-25,clínica médica Valparaíso
Servicio de Salud Valparaíso,clinicas,Valparaíso,"Av. Brasil 1435, 2362731 Valparaíso, Chile",+56322576550,http://ssvalposa.redsalud.gob.cl/,https://www.google.com/maps/search/?api=1&query=Servicio%20de%20Salud%20Valpara%C3%ADso&query_place_id=ChIJrb4iQCjhiZYRurzIXh9p9FA,3.1,17,2026-02-25,clínica médica Valparaíso
Eurohealth Chile,clinicas,Valparaíso,"Av. Colón 2383, 2363049 Valparaíso, Chile",+56322226656,https://resonanciavalparaiso.cl/,https://www.google.com/maps/search/?api=1&query=Eurohealth%20Chile&query_place_id=ChIJAwlaedzgiZYRT0dshi1qYlY,3.4,16,2026-02-25,clínica médica Valparaíso
Resonancia Valparaíso,clinicas,Valparaíso,"Av. Colón 2383, 2363049 Valparaíso, Chile",+56323364326,https://resonanciavalparaiso.cl/contacto/,https://www.google.com/maps/search/?api=1&query=Resonancia%20Valpara%C3%ADso&query_place_id=ChIJi_iGedzgiZYRhWiOoYAtaUA,3.9,15,2026-02-25,clínica médica Valparaíso
Centro Medico Casanova,clinicas,Valparaíso,"Casanova 933, 5311165 Osorno, Los Lagos, Chile",+56642230377,,https://www.google.com/maps/search/?api=1&query=Centro%20Medico%20Casanova&query_place_id=ChIJHWqHwSk3FpYR1ZaiMH8CtWY,4.2,14,2026-02-25,clínica médica Valparaíso
Óptica Popular Placilla de Peñuelas,clinicas,Valparaíso,"Av. Obispo Valdés Subercaseaux 1421, Local 12, 2372525 Valparaíso, Chile",+56323779981,http://redsaludpopular.cl/,https://www.google.com/maps/search/?api=1&query=%C3%93ptica%20Popular%20Placilla%20de%20Pe%C3%B1uelas&query_place_id=ChIJv6DMqP0LYpYRgFwpVfENIFs,4.2,12,2026-02-25,clínica médica Valparaíso
Facultad de Filosofía y Educación,clinicas,Valparaíso,"El Bosque 1275, Viña del Mar, Valparaíso, Chile",+56322274633,,https://www.google.com/maps/search/?api=1&query=Facultad%20de%20Filosof%C3%ADa%20y%20Educaci%C3%B3n&query_place_id=ChIJx-I5MsXdiZYRDHrteT4MiH8,4.9,11,2026-02-25,clínica médica Valparaíso
Laboratorio Clínico Valparaíso,clinicas,Valparaíso,"Av. Los Zapadores 1836, 8550753 Conchalí, Región Metropolitana, Chile",+56227368891,,https://www.google.com/maps/search/?api=1&query=Laboratorio%20Cl%C3%ADnico%20Valpara%C3%ADso&query_place_id=ChIJu_XqT43GYpYRuapU1c18QHc,4.8,10,2026-02-25,clínica médica Valparaíso
Escuela de Ciencias Veterinarias UVM,clinicas,Valparaíso,"Viña del Mar, Valparaíso, Chile",+56800374100,http://www.uvm.cl/,https://www.google.com/maps/search/?api=1&query=Escuela%20de%20Ciencias%20Veterinarias%20UVM&query_place_id=ChIJ_VFKsMvfiZYROlMUKx9BFhY,4.4,10,2026-02-25,clínica médica Valparaíso
Podología Clínica Nueva Piel,clinicas,Valparaíso,"Yungay 1731, 218, 2340000 Valparaíso, Chile",+56992907321,http://www.podologia-clinica.cl/,https://www.google.com/maps/search/?api=1&query=Podolog%C3%ADa%20Cl%C3%ADnica%20Nueva%20Piel&query_place_id=ChIJB1dMgQbhiZYRKrjdoCOqA3Y,5,9,2026-02-25,clínica médica Valparaíso
Doctor Álvaro Cavieres Fernández,clinicas,Valparaíso,"9 Nte. 915, 2520000 Viña del Mar, Valparaíso, Chile",+56322972474,https://www.facebook.com/Doctor-%C3%81lvaro-Cavieres-Fern%C3%A1ndez-104757054462901/,https://www.google.com/maps/search/?api=1&query=Doctor%20%C3%81lvaro%20Cavieres%20Fern%C3%A1ndez&query_place_id=ChIJx-OR4CXdiZYRkaVBkH0rWYU,2.8,9,2026-02-25,clínica médica Valparaíso
La Clínica del Juego SPA,clinicas,Valparaíso,"Arlegui 440, Oficina 801, Viña del Mar, Valparaíso, Chile",+56981608849,http://www.laclinicadeljuego.cl/,https://www.google.com/maps/search/?api=1&query=La%20Cl%C3%ADnica%20del%20Juego%20SPA&query_place_id=ChIJYeMtY43fiZYRYQ5GAjVrgkw,5,9,2026-02-25,clínica médica Valparaíso
"Ps. Teresa Altamirano Concha, Psicólogo",clinicas,Valparaíso,"Edificio Médico Prosalud - 14 Nte. 571, Oficina 408, 2520012 Viña del Mar, Valparaíso, Chile",,https://www.doctoralia.cl/teresa-altamirano-concha/psicologo/vina-del-mar?utm_source=google&utm_medium=gmb&utm_campaign=63416&utm_content=website,https://www.google.com/maps/search/?api=1&query=Ps.%20Teresa%20Altamirano%20Concha%2C%20Psic%C3%B3logo&query_place_id=ChIJV6eJPzPniZYRRli2a7iE5Fc,4.5,8,2026-02-25,clínica médica Valparaíso
Centro de Salud Mental Comunitaria Domingo Asun Salazar,clinicas,Valparaíso,"Urriola 87, Valparaíso, Chile",+56322191109,,https://www.google.com/maps/search/?api=1&query=Centro%20de%20Salud%20Mental%20Comunitaria%20Domingo%20Asun%20Salazar&query_place_id=ChIJ-c4EPxDhiZYRgUFf3-PTvyQ,3.3,6,2026-02-25,clínica médica Valparaíso
CEPS Universidad de Viña del Mar,clinicas,Valparaíso,"Bellavista 189, 2580067 Viña del Mar, Valparaíso, Chile",+56322462612,,https://www.google.com/maps/search/?api=1&query=CEPS%20Universidad%20de%20Vi%C3%B1a%20del%20Mar&query_place_id=ChIJLxD_YGbfiZYRPVyJMaNNmvo,5,6,2026-02-25,clínica médica Valparaíso
CENEPSI,clinicas,Valparaíso,"7 Nte. 645, Viña del Mar, Valparaíso, Chile",+56323195391,http://www.cenepsi.cl/,https://www.google.com/maps/search/?api=1&query=CENEPSI&query_place_id=ChIJ7ctcBufdiZYRYgIn7exS_2s,4.2,5,2026-02-25,clínica médica Valparaíso
Hospital provincial monseñor fernando ariztia ruiz,clinicas,Valparaíso,"Av. Huasco 392, Vallenar, Atacama, Chile",+56512331500,http://www.ist.cl/,https://www.google.com/maps/search/?api=1&query=Hospital%20provincial%20monse%C3%B1or%20fernando%20ariztia%20ruiz&query_place_id=ChIJB7dDT5ZJl5YRs2CGw0xXs6w,3.8,4,2026-02-25,clínica médica Valparaíso
Servicio Médico PUCV,clinicas,Valparaíso,"Rawson 40, Valparaíso, Chile",+56322274106,http://vra.ucv.cl/dae/?page_id=1451,https://www.google.com/maps/search/?api=1&query=Servicio%20M%C3%A9dico%20PUCV&query_place_id=ChIJjcdgGcXgiZYRKRzWKWExtn4,3.7,3,2026-02-25,clínica médica Valparaíso
"Dr. Santiago Mauricio Dominguez Rodas, Médico general",clinicas,Valparaíso,"Yungay 1731 | oficina 203 (Edificio Soria, 2340000 Valparaíso, Chile",+56999490362,https://www.doctoralia.cl/santiago-mauricio-dominguez-rodas/medico-general/valparaiso?utm_source=google&utm_medium=gmb&utm_campaign=3214&utm_content=website,https://www.google.com/maps/search/?api=1&query=Dr.%20Santiago%20Mauricio%20Dominguez%20Rodas%2C%20M%C3%A9dico%20general&query_place_id=ChIJybPDzCjhiZYRTplFNTf-zjs,5,3,2026-02-25,clínica médica Valparaíso
Laboratorio Clinico Valparaiso Limitada,clinicas,Valparaíso,"Caupolicán 958, 2440626 Quilpué, Valparaíso, Chile",+56322924817,,https://www.google.com/maps/search/?api=1&query=Laboratorio%20Clinico%20Valparaiso%20Limitada&query_place_id=ChIJgVIbHwLZiZYRc2t8Mo5kUnE,2.3,3,2026-02-25,clínica médica Valparaíso
Centro Medico Promed,clinicas,Valparaíso,"Tercera del Sur 680, 2340000 Valparaíso, Chile",+56322293807,,https://www.google.com/maps/search/?api=1&query=Centro%20Medico%20Promed&query_place_id=ChIJ8Y4I-vV1YpYRYWlUMUEqTmc,3,2,2026-02-25,clínica médica Valparaíso
"""sociedad Medica Dermosalud Ltda.""",clinicas,Valparaíso,"Blanco 1623, 2362696 Valparaíso, Chile",+56322211674,http://www.centrodermosalud.cl/,https://www.google.com/maps/search/?api=1&query=%22sociedad%20Medica%20Dermosalud%20Ltda.%22&query_place_id=ChIJ92aE4NfgiZYRE_7b0ZfV5-s,3,2,2026-02-25,clínica médica Valparaíso
Laboratorio Clínico Valparaíso,clinicas,Valparaíso,"Manuel Rodríguez 3214, 9250273 Maipú, Región Metropolitana, Chile",+56228360700,http://www.labvalparaiso.cl/,https://www.google.com/maps/search/?api=1&query=Laboratorio%20Cl%C3%ADnico%20Valpara%C3%ADso&query_place_id=ChIJrdMCc5XdiZYRI1Crogu09BM,3,2,2026-02-25,clínica médica Valparaíso
AVANZA Inclusión,clinicas,Valparaíso,"C. Limache 1985, 2520558 Valparaíso, Viña del Mar, Valparaíso, Chile",+56229079478,http://www.avanzainclusion.cl/,https://www.google.com/maps/search/?api=1&query=AVANZA%20Inclusi%C3%B3n&query_place_id=ChIJR6Oq4NDfiZYR2yrOsqUxrvk,5,2,2026-02-25,clínica médica Valparaíso
CENTRO MEDICO NAUTILUS,clinicas,Valparaíso,"Blanco 1243, 2340000 Valparaíso, Chile",+56983661155,,https://www.google.com/maps/search/?api=1&query=CENTRO%20MEDICO%20NAUTILUS&query_place_id=ChIJWzvFBinhiZYRe3jzIuwW4ko,5,1,2026-02-25,clínica médica Valparaíso
Vicerrectoría de Vinculación con el Medio Universidad de Valparaíso,clinicas,Valparaíso,"2 Nte. 802, 2520803 Viña del Mar, Valparaíso, Chile",+56322603355,https://vinculacion.uv.cl/,https://www.google.com/maps/search/?api=1&query=Vicerrector%C3%ADa%20de%20Vinculaci%C3%B3n%20con%20el%20Medio%20Universidad%20de%20Valpara%C3%ADso&query_place_id=ChIJC1UrtS7diZYRfUa3DtvPJcI,,0,2026-02-25,clínica médica Valparaíso
Psicólogo Viña del Mar Luis Blanco Cabrera,clinicas,Valparaíso,"9 Nte. 761, oficina 306, Viña del Mar, Valparaíso, Chile",+56971509612,http://www.doctoralia.cl/medico/blanco+cabrera+luis-14837115,https://www.google.com/maps/search/?api=1&query=Psic%C3%B3logo%20Vi%C3%B1a%20del%20Mar%20Luis%20Blanco%20Cabrera&query_place_id=ChIJsWA8i-fdiZYRTVy0-ii4Jzg,,0,2026-02-25,clínica médica Valparaíso
Blancodent Valparaíso,dentistas,Valparaíso,"Esmeralda 1074, of 1108, 2361897 Valparaíso, Chile",+56322599756,http://www.blancodent.cl/,https://www.google.com/maps/search/?api=1&query=Blancodent%20Valpara%C3%ADso&query_place_id=ChIJ-2NZRinhiZYRgvg81zYE-sA,4.9,735,2026-02-25,dentista Valparaíso
Centro Médico y Dental RedSalud Temuco,dentistas,Valparaíso,"Manuel Bulnes 846, 4791345 Temuco, Araucanía, Chile",,https://www.redsalud.cl/sucursales/redsalud-temuco-centro?utm_source=google&utm_medium=organic&utm_campaign=google-business-profile,https://www.google.com/maps/search/?api=1&query=Centro%20M%C3%A9dico%20y%20Dental%20RedSalud%20Temuco&query_place_id=ChIJA1liat7TFJYRBoZZsp6Y4aA,4,548,2026-02-25,dentista Valparaíso
Clínica RedSalud Magallanes - Servicios de Urgencia 24 horas,dentistas,Valparaíso,"Av. Pdte. Manuel Bulnes 1448, Punta Arenas, Magallanes y la Antártica Chilena, Chile",,https://www.redsalud.cl/clinicas/clinica-redsalud-mayor-magallanes?utm_source=google&utm_medium=organic&utm_campaign=google-business-profile,https://www.google.com/maps/search/?api=1&query=Cl%C3%ADnica%20RedSalud%20Magallanes%20-%20Servicios%20de%20Urgencia%2024%20horas&query_place_id=ChIJgxvFf3Bksr0R4uPmhPN_SwI,4.1,476,2026-02-25,dentista Valparaíso
CESFAM Rodelillo,dentistas,Valparaíso,"Pje. Juan Gomez 4350, S/N, Valparaíso, Chile",+56322136383,,https://www.google.com/maps/search/?api=1&query=CESFAM%20Rodelillo&query_place_id=ChIJRX5XEZzgiZYRUcP7Wd9Nrmw,4.1,473,2026-02-25,dentista Valparaíso
Clínica Tarapaca,dentistas,Valparaíso,"Barros Arana 1550, 1101544 Iquique, Tarapacá, Chile",+56572397000,http://www.clinicatarapaca.cl/,https://www.google.com/maps/search/?api=1&query=Cl%C3%ADnica%20Tarapaca&query_place_id=ChIJBdW58fgTUpERk1rUtehXRjU,3.2,449,2026-02-25,dentista Valparaíso
Blancodent Rancagua,dentistas,Valparaíso,"Jose Domingo Mujica 255, Rancagua, O'Higgins, Chile",+56971013807,http://www.blancodent.cl/,https://www.google.com/maps/search/?api=1&query=Blancodent%20Rancagua&query_place_id=ChIJ8QDrTxBDY5YREZ67dKuDKkY,4.9,443,2026-02-25,dentista Valparaíso
Centro Médico y Dental RedSalud Germán Riesco,dentistas,Valparaíso,"German Riesco 206, 2840747 Rancagua, O'Higgins, Chile",,https://www.redsalud.cl/sucursales/redsalud-german-riesco-rancagua?utm_source=google&utm_medium=organic&utm_campaign=google-business-profile,https://www.google.com/maps/search/?api=1&query=Centro%20M%C3%A9dico%20y%20Dental%20RedSalud%20Germ%C3%A1n%20Riesco&query_place_id=ChIJv2J1NkBDY5YRtZbuWndH77M,4,340,2026-02-25,dentista Valparaíso
Centro Médico y Dental RedSalud Muelle Barón,dentistas,Valparaíso,"Av. Argentina 1, Valparaíso, Chile",,https://www.redsalud.cl/sucursales/redsalud-muelle-baron?utm_source=google&utm_medium=organic&utm_campaign=google-business-profile,https://www.google.com/maps/search/?api=1&query=Centro%20M%C3%A9dico%20y%20Dental%20RedSalud%20Muelle%20Bar%C3%B3n&query_place_id=ChIJ5z5OpsXgiZYRrDWRpiybGmk,3.6,270,2026-02-25,dentista Valparaíso
Clínica Dentalife l Dentista Valparaíso,dentistas,Valparaíso,"Av. Colón 2465, 2340000 Valparaíso, Chile",+56939490982,http://www.clinicadentalife.cl/?utm_source=GMB&utm_medium=GMB&utm_campaign=valparaIso,https://www.google.com/maps/search/?api=1&query=Cl%C3%ADnica%20Dentalife%20l%20Dentista%20Valpara%C3%ADso&query_place_id=ChIJ0ac-_JfhiZYRbz0QLNoU9CE,4.9,232,2026-02-25,dentista Valparaíso
Centro Médico y Dental RedSalud Los Ángeles,dentistas,Valparaíso,"Lautaro 615, 4441135 Los Angeles, Los Ángeles, Bío Bío, Chile",,https://www.redsalud.cl/sucursales/redsalud-los-angeles?utm_source=google&utm_medium=organic&utm_campaign=google-business-profile,https://www.google.com/maps/search/?api=1&query=Centro%20M%C3%A9dico%20y%20Dental%20RedSalud%20Los%20%C3%81ngeles&query_place_id=ChIJ8TaSvzfda5YRnk4NmW13Zac,4,224,2026-02-25,dentista Valparaíso
Centro Médico y Dental RedSalud Osorno,dentistas,Valparaíso,"Bernardo O'Higgins 791, Osorno, Los Lagos, Chile",,https://www.redsalud.cl/sucursales/redsalud-osorno?utm_source=google&utm_medium=organic&utm_campaign=google-business-profile,https://www.google.com/maps/search/?api=1&query=Centro%20M%C3%A9dico%20y%20Dental%20RedSalud%20Osorno&query_place_id=ChIJV5PbQ4o2FpYRPSfvtYaaNXQ,3.7,193,2026-02-25,dentista Valparaíso
Hospital Base San José Osorno (HBO),dentistas,Valparaíso,"Dr. Guillermo Buhler 1765, 5311297 Osorno, Los Lagos, Chile",+56642336200,http://www.hospitalbaseosorno.cl/,https://www.google.com/maps/search/?api=1&query=Hospital%20Base%20San%20Jos%C3%A9%20Osorno%20(HBO)&query_place_id=ChIJISbQaHk2FpYREx0UAPn-JoQ,2.8,187,2026-02-25,dentista Valparaíso
Dental Schneider - La Serena,dentistas,Valparaíso,"Av. Balmaceda 331, 1700000 La Serena, Coquimbo, Chile",+56942728133,http://dentalschneider.cl/,https://www.google.com/maps/search/?api=1&query=Dental%20Schneider%20-%20La%20Serena&query_place_id=ChIJ6dfUh-HLkZYRRS6dToagAi8,5,183,2026-02-25,dentista Valparaíso
Clínica Quiero Frenillos Temuco,dentistas,Valparaíso,"Las Heras 414 Esquina Portales Temuco, 4781168 Araucanía, Chile",+56939443377,http://www.frenillostemuco.cl/,https://www.google.com/maps/search/?api=1&query=Cl%C3%ADnica%20Quiero%20Frenillos%20Temuco&query_place_id=ChIJIWh-F3nTFJYRR6JEipvyPCU,4.8,173,2026-02-25,dentista Valparaíso
Dental Schneider - Osorno,dentistas,Valparaíso,"Bernardo O'Higgins 782, 5290000 Osorno, Los Lagos, Chile",+56931840138,http://dentalschneider.cl/,https://www.google.com/maps/search/?api=1&query=Dental%20Schneider%20-%20Osorno&query_place_id=ChIJ1XZLYAs3FpYRuN8vsH5ZPiQ,5,172,2026-02-25,dentista Valparaíso
Clínica NúcleoSalud Valparaíso,dentistas,Valparaíso,"Blanco 1199, Errázuriz 1178, 2340000 Valparaíso, Chile",+56229880900,https://www.clinicanucleosalud.cl/,https://www.google.com/maps/search/?api=1&query=Cl%C3%ADnica%20N%C3%BAcleoSalud%20Valpara%C3%ADso&query_place_id=ChIJjcAKDCnhiZYRejtUDPyKuCE,2.9,147,2026-02-25,dentista Valparaíso
Dental Schneider - Libertad,dentistas,Valparaíso,"Libertad 1, 1840000 Ovalle, Coquimbo, Chile",+56996132436,http://dentalschneider.cl/,https://www.google.com/maps/search/?api=1&query=Dental%20Schneider%20-%20Libertad&query_place_id=ChIJz-2PC9ZLjpYRBFRAgtHBlSU,4.9,133,2026-02-25,dentista Valparaíso
Dental Schneider Coquimbo,dentistas,Valparaíso,"Edificio - Diego Portales 311, Oficina 31, Coquimbo, Chile",+56934423083,https://www.dentalschneider.cl/,https://www.google.com/maps/search/?api=1&query=Dental%20Schneider%20Coquimbo&query_place_id=ChIJdYiNWpPJkZYRjrvu0wc2E50,5,126,2026-02-25,dentista Valparaíso
Facultad de Odontología Universidad de Valparaíso,dentistas,Valparaíso,"Altamirano Subida Carvallo 211, 2360004 Valparaíso, Chile",+56322508577,https://odontologia.uv.cl/,https://www.google.com/maps/search/?api=1&query=Facultad%20de%20Odontolog%C3%ADa%20Universidad%20de%20Valpara%C3%ADso&query_place_id=ChIJn7lQ3cDmiZYRE3TsD95uqRg,4.4,101,2026-02-25,dentista Valparaíso
CESFAM Mena,dentistas,Valparaíso,"Av. Alemania 5360, Valparaíso, Chile",+56800500512,,https://www.google.com/maps/search/?api=1&query=CESFAM%20Mena&query_place_id=ChIJ3cQjMSXhiZYRiVeRmwZtyOE,2.8,96,2026-02-25,dentista Valparaíso
"Clínica Risus, odontologia y estética facial",dentistas,Valparaíso,"2340000, Prat 749 segundo piso, Valparaíso, Chile",+56954421768,http://clinicasrisus.cl/,https://www.google.com/maps/search/?api=1&query=Cl%C3%ADnica%20Risus%2C%20odontologia%20y%20est%C3%A9tica%20facial&query_place_id=ChIJU3ncXVDhiZYRNK8TP3UfrW0,5,92,2026-02-25,dentista Valparaíso
Dental Schneider - Valparaíso,dentistas,Valparaíso,"Victoria 2718, 2340000 Valparaíso, Chile",+56939573751,http://dentalschneider.cl/,https://www.google.com/maps/search/?api=1&query=Dental%20Schneider%20-%20Valpara%C3%ADso&query_place_id=ChIJ_w38zoThiZYRKLo8qIYoOrQ,4.8,85,2026-02-25,dentista Valparaíso
Dental Schneider - Antofagasta,dentistas,Valparaíso,"Arturo Prat 342, 1240000 Antofagasta, Chile",+56942728132,http://dentalschneider.cl/,https://www.google.com/maps/search/?api=1&query=Dental%20Schneider%20-%20Antofagasta&query_place_id=ChIJs78ylZTVr5YRCwAp8Jv8qLw,5,71,2026-02-25,dentista Valparaíso
Citymed Curauma,dentistas,Valparaíso,"Los Pioneros 989, 2372455 Curauma, Valparaíso, Chile",+56322358800,http://www.citymed.cl/,https://www.google.com/maps/search/?api=1&query=Citymed%20Curauma&query_place_id=ChIJ0fB3xVV1YpYRNVEFrj1Zbl4,2.8,68,2026-02-25,dentista Valparaíso
Clínica Dental RedSalud Ñuble,dentistas,Valparaíso,"Arturo Prat 430, 3800899 Chillán, Biobío, Chile",,https://www.redsalud.cl/sucursales/redsalud-nuble?utm_source=google&utm_medium=organic&utm_campaign=google-business-profile,https://www.google.com/maps/search/?api=1&query=Cl%C3%ADnica%20Dental%20RedSalud%20%C3%91uble&query_place_id=ChIJIyze4eUpaZYRFs3fw0UckgI,4.3,66,2026-02-25,dentista Valparaíso
Dr Felipe Pinto Montalva,dentistas,Valparaíso,,,https://instagram.com/dr.felipepinto?igshid=YmMyMTA2M2Y=,https://www.google.com/maps/search/?api=1&query=Dr%20Felipe%20Pinto%20Montalva&query_place_id=ChIJJWKhXjXfjKARETHfvcIvFC4,5,63,2026-02-25,dentista Valparaíso
Globalmédica Especialidades Odontológicas,dentistas,Valparaíso,"Av. Fundadores 950, 2372003 Curauma, Valparaíso, Chile",+56322292118,http://globalmedica.cl/,https://www.google.com/maps/search/?api=1&query=Globalm%C3%A9dica%20Especialidades%20Odontol%C3%B3gicas&query_place_id=ChIJ72NS4gR1YpYRk_JIcicW3d0,4.9,61,2026-02-25,dentista Valparaíso
Dental Schneider - Temuco,dentistas,Valparaíso,"Andrés Bello 982, 4780000 Temuco, Araucanía, Chile",+56990872972,http://dentalschneider.cl/,https://www.google.com/maps/search/?api=1&query=Dental%20Schneider%20-%20Temuco&query_place_id=ChIJaYYr2jTTFJYRCqBFDoPUrcI,4.9,60,2026-02-25,dentista Valparaíso
Clínica Schneider - Ovalle,dentistas,Valparaíso,"Victoria 360, 1840604 Ovalle, Coquimbo, Chile",+56933955912,http://www.dentalschneider.cl/,https://www.google.com/maps/search/?api=1&query=Cl%C3%ADnica%20Schneider%20-%20Ovalle&query_place_id=ChIJ_RPcSq9KjpYRe3aZaedyHe8,4.6,60,2026-02-25,dentista Valparaíso
Clínica Dental EcoSalud,dentistas,Valparaíso,"Condell 1444, 2363127 Valparaíso, Chile",+56968494480,https://sites.google.com/eco-salud.cl/eco-salud/inicio,https://www.google.com/maps/search/?api=1&query=Cl%C3%ADnica%20Dental%20EcoSalud&query_place_id=ChIJk7CSt-bhiZYRgbAJFHIj5FQ,4.1,59,2026-02-25,dentista Valparaíso
Clínica Dental Placilla,dentistas,Valparaíso,"Novena 381, 2372240 Placilla, Valparaíso, Chile",+56999952011,https://47e19e2aa2f28730d1c2a90de453214bcf134497.agenda.softwaredentalink.com/agendas/agendamiento/eyJpZF9zdWN1cnNhbCI6IjEiLCJpZF9kZW50aXN0YSI6IjMifQ%3D%3D,https://www.google.com/maps/search/?api=1&query=Cl%C3%ADnica%20Dental%20Placilla&query_place_id=ChIJ4z6GmPjfiZYRlo0vQLhbAwA,4.8,59,2026-02-25,dentista Valparaíso
Centro Oftalmológico Popular Valparaiso,dentistas,Valparaíso,"Condell 1490, 2340000 Valparaíso, Chile",+56933890202,http://www.redsaludpopular.cl/,https://www.google.com/maps/search/?api=1&query=Centro%20Oftalmol%C3%B3gico%20Popular%20Valparaiso&query_place_id=ChIJE2hz2SfhiZYRv_WCfHQXEZA,3.8,57,2026-02-25,dentista Valparaíso
Urgencia Dental 24 HRS Dentista Valparaíso Chile,dentistas,Valparaíso,"blanco, Nautilus 1215, oficina 608 Edificio, 2340000 Valparaíso, Chile",+56322251766,,https://www.google.com/maps/search/?api=1&query=Urgencia%20Dental%2024%20HRS%20Dentista%20Valpara%C3%ADso%20Chile&query_place_id=ChIJo5t_6IjhiZYRwCXhG2mxoGY,4.4,54,2026-02-25,dentista Valparaíso
Sanasalud Puerto Valparaíso,dentistas,Valparaíso,"Errázuriz 629, local 101, Valparaíso, Chile",+566000061000,https://www.sanasalud.cl/,https://www.google.com/maps/search/?api=1&query=Sanasalud%20Puerto%20Valpara%C3%ADso&query_place_id=ChIJ8ZjfHzbhiZYRjPzutQZV5uo,3.1,50,2026-02-25,dentista Valparaíso
Clínica Mia Odontología y Radiología,dentistas,Valparaíso,"Av. Fundadores 741, Curauma, Valparaíso, Chile",+56992354000,http://www.clinicamia.cl/,https://www.google.com/maps/search/?api=1&query=Cl%C3%ADnica%20Mia%20Odontolog%C3%ADa%20y%20Radiolog%C3%ADa&query_place_id=ChIJBxPwf0p1YpYRRqMZEhSwFq0,4.2,46,2026-02-25,dentista Valparaíso
Clinica Odontologica Asistencial Docente - Universidad de La Serena,dentistas,Valparaíso,"Av. Juan Cisternas 1015, La Serena, Coquimbo, Chile",+56512334966,,https://www.google.com/maps/search/?api=1&query=Clinica%20Odontologica%20Asistencial%20Docente%20-%20Universidad%20de%20La%20Serena&query_place_id=ChIJcY8lzGPKkZYRiaHqi5OFcLM,4.9,38,2026-02-25,dentista Valparaíso
Clínica Los Castaños Curauma,dentistas,Valparaíso,"Central 407, Placilla, Valparaíso, Chile",+56938971847,http://www.clinicaloscastanos.cl/,https://www.google.com/maps/search/?api=1&query=Cl%C3%ADnica%20Los%20Casta%C3%B1os%20Curauma&query_place_id=ChIJF-qR_Tx1YpYR2TGe885CQxU,4.2,31,2026-02-25,dentista Valparaíso
Fundadores Centro de Salud Integral,dentistas,Valparaíso,"Av. Fundadores 564, 2372076 Curauma, Valparaíso, Chile",+56572216899,http://www.consultasfundadores.cl/,https://www.google.com/maps/search/?api=1&query=Fundadores%20Centro%20de%20Salud%20Integral&query_place_id=ChIJd50CWcB1YpYRY33oeARtZdY,4.6,27,2026-02-25,dentista Valparaíso
Capredena,dentistas,Valparaíso,"Av. Brasil 1410, Edificio PUDETO, 2340000 Valparaíso, Chile",+56322220521,,https://www.google.com/maps/search/?api=1&query=Capredena&query_place_id=ChIJ3_5AZijhiZYRdpSbq3BHsx0,2.7,26,2026-02-25,dentista Valparaíso
Clínica Dental Adent Valparaíso,dentistas,Valparaíso,"Esmeralda 973, Local 102, Valparaíso, Chile",+56323325797,,https://www.google.com/maps/search/?api=1&query=Cl%C3%ADnica%20Dental%20Adent%20Valpara%C3%ADso&query_place_id=ChIJ86y9rfnhiZYRISQMoC6sSLU,3.6,24,2026-02-25,dentista Valparaíso
Vilma Salas Urgencias Dentales,dentistas,Valparaíso,"Pudeto 351, piso 5 oficina 16, 2362828 Valparaíso, Chile",+56322216256,,https://www.google.com/maps/search/?api=1&query=Vilma%20Salas%20Urgencias%20Dentales&query_place_id=ChIJv88YeCjhiZYRsgX3VeXNTyM,4.4,20,2026-02-25,dentista Valparaíso
CLINICA DENTAL ''CISCURAUMA'',dentistas,Valparaíso,"Av. Borde Laguna 222, Curauma, Valparaíso, Chile",+56996323155,http://ciscurauma.cl/,https://www.google.com/maps/search/?api=1&query=CLINICA%20DENTAL%20''CISCURAUMA''&query_place_id=ChIJCUqNejV1YpYRTBwnkRwm9Ns,4,14,2026-02-25,dentista Valparaíso
Clínica Dental Odontocurauma,dentistas,Valparaíso,"Av. Curauma Nte. 2961, 2340000 Valparaíso, Chile",+56994085037,http://odontocurauma.cl/,https://www.google.com/maps/search/?api=1&query=Cl%C3%ADnica%20Dental%20Odontocurauma&query_place_id=ChIJKTR0Xu51YpYRGGALcxUENHQ,4.7,13,2026-02-25,dentista Valparaíso
CADT APS Victoria,dentistas,Valparaíso,"Victoria 3073, local 1, 2340172 Valparaíso, Chile",+56974626526,https://www.redsaludpopular.cl/agenda-tu-hora,https://www.google.com/maps/search/?api=1&query=CADT%20APS%20Victoria&query_place_id=ChIJMfnzDHDhiZYRzKrug-8PnKQ,4.7,12,2026-02-25,dentista Valparaíso
Clínica Eluney,dentistas,Valparaíso,"El Queltehue 224, Brisas de Curauma, Valparaíso, Chile",+56949821168,,https://www.google.com/maps/search/?api=1&query=Cl%C3%ADnica%20Eluney&query_place_id=ChIJY9lJ50x1YpYRynVouqSfunc,4.7,12,2026-02-25,dentista Valparaíso
Central Odontologica de la Armada Valparaiso,dentistas,Valparaíso,"Gral. del Canto 398-464, 2360050 Valparaíso, Chile",+56322509156,http://www.sanidadnaval.cl/,https://www.google.com/maps/search/?api=1&query=Central%20Odontologica%20de%20la%20Armada%20Valparaiso&query_place_id=ChIJJRxl58XmiZYRzh_LwNbAYEI,3.7,10,2026-02-25,dentista Valparaíso
CESFAM Placilla,dentistas,Valparaíso,"Placilla, O'Higgins, Chile",+56722858244,http://cesfamplacilla.cl/,https://www.google.com/maps/search/?api=1&query=CESFAM%20Placilla&query_place_id=ChIJ05A64CCJZJYR5TvHUKmohKA,3.4,10,2026-02-25,dentista Valparaíso
Dra. Nicole Carvajal,dentistas,Valparaíso,,+56954748465,,https://www.google.com/maps/search/?api=1&query=Dra.%20Nicole%20Carvajal&query_place_id=ChIJwUwYIg5ln4ERecsupGns_P0,5,8,2026-02-25,dentista Valparaíso
Clínica Dental Odonto Imagen,dentistas,Valparaíso,"Diez Ote 1165, 3460000 Talca, Maule, Chile",+56973504087,http://www.odontoimagen.cl/,https://www.google.com/maps/search/?api=1&query=Cl%C3%ADnica%20Dental%20Odonto%20Imagen&query_place_id=ChIJrbL3v_XHZZYRzuMDFfHiFz4,4.8,8,2026-02-25,dentista Valparaíso
GD Salud,dentistas,Valparaíso,"Av. Obispo Valdés Subercaseaux 1285, Local 16, Curauma, Valparaíso, Chile",+56982700372,http://www.gdsalud.cl/,https://www.google.com/maps/search/?api=1&query=GD%20Salud&query_place_id=ChIJvaW7x1t1YpYRIoIG9iEOgQY,3.1,8,2026-02-25,dentista Valparaíso
Clínica Dental Bellavista,dentistas,Valparaíso,"Bellavista 463, oficina 304, 2340000 Valparaíso, Chile",+56962145660,,https://www.google.com/maps/search/?api=1&query=Cl%C3%ADnica%20Dental%20Bellavista&query_place_id=ChIJ2YI2b0LhiZYR1uPr-k8iqgc,5,7,2026-02-25,dentista Valparaíso
Dentistas Valparaíso,dentistas,Valparaíso,"Molina 531, 2381499 Valparaíso, Chile",+56322211163,http://www.dentistasvalparaiso.cl/,https://www.google.com/maps/search/?api=1&query=Dentistas%20Valpara%C3%ADso&query_place_id=ChIJYerG8yfhiZYRABkLuVyze64,5,5,2026-02-25,dentista Valparaíso
Sociedad Odontologica O'Higgins,dentistas,Valparaíso,"Condell 1217, 2362678 Valparaíso, Chile",+56322210132,,https://www.google.com/maps/search/?api=1&query=Sociedad%20Odontologica%20O'Higgins&query_place_id=ChIJY3M55yjhiZYRVIXV7Oreisg,4.4,5,2026-02-25,dentista Valparaíso
Clínica Odontológica Condell,dentistas,Valparaíso,"Independencia 1725, Oficina 710, 2362986 Valparaíso, Chile",+56987418807,https://m.facebook.com/DentalCondell,https://www.google.com/maps/search/?api=1&query=Cl%C3%ADnica%20Odontol%C3%B3gica%20Condell&query_place_id=ChIJP_1b3SfhiZYRlfwJWDDiTk0,3.4,5,2026-02-25,dentista Valparaíso
Clinica Implavida,dentistas,Valparaíso,"Freire 564, 2363372 Valparaíso, Chile",,http://www.implavida.cl/,https://www.google.com/maps/search/?api=1&query=Clinica%20Implavida&query_place_id=ChIJxx47t3nhiZYRe-T_MkAghL0,3.4,5,2026-02-25,dentista Valparaíso
Clínica Dental Playa Ancha.,dentistas,Valparaíso,"Av. Playa Ancha 205, 2360378 Valparaíso, Chile",+56322283097,https://www.facebook.com/dentalplayancha/,https://www.google.com/maps/search/?api=1&query=Cl%C3%ADnica%20Dental%20Playa%20Ancha.&query_place_id=ChIJT8f-v87miZYRyJTckfDVA4E,4.8,4,2026-02-25,dentista Valparaíso
Clínica Odontoval,dentistas,Valparaíso,"Blanco 1215, 2373447 Valparaíso, Chile",+56945783772,,https://www.google.com/maps/search/?api=1&query=Cl%C3%ADnica%20Odontoval&query_place_id=ChIJlRLYBSnhiZYRNwO9HaPRyJY,4.3,3,2026-02-25,dentista Valparaíso
GD Estetik Dental,dentistas,Valparaíso,"Av. Obispo Valdés Subercaseaux 1285, Local 16, Curauma, Valparaíso, Chile",+56323348945,http://gdestetikdental.cl/,https://www.google.com/maps/search/?api=1&query=GD%20Estetik%20Dental&query_place_id=ChIJT3ZnsGZ1YpYRS76CO3i5-OM,3.7,3,2026-02-25,dentista Valparaíso
DentaValpo,dentistas,Valparaíso,"Bellavista 463, oficina 303, 2362824 Valparaíso, Chile",+56949112267,,https://www.google.com/maps/search/?api=1&query=DentaValpo&query_place_id=ChIJrZijfoLhiZYR-8uju0qzV4I,5,2,2026-02-25,dentista Valparaíso
Clínica Alta Ortodoncia,dentistas,Valparaíso,"Victoria 2722, 2340151 Valparaíso, Chile",+56982906923,,https://www.google.com/maps/search/?api=1&query=Cl%C3%ADnica%20Alta%20Ortodoncia&query_place_id=ChIJB_hxq8TgiZYR_YAw3tVTL1U,5,2,2026-02-25,dentista Valparaíso
Centro médico odontológico Prevenir,dentistas,Valparaíso,"Pudeto 450, 2362825 Valparaíso, Chile",+56322595996,,https://www.google.com/maps/search/?api=1&query=Centro%20m%C3%A9dico%20odontol%C3%B3gico%20Prevenir&query_place_id=ChIJhZQVeCjhiZYRAo6C_KFhICo,1,2,2026-02-25,dentista Valparaíso
Barba Herrmann Gunther,dentistas,Valparaíso,"Pje. Ross 149, 2520000 Valparaíso, Chile",+56991629181,,https://www.google.com/maps/search/?api=1&query=Barba%20Herrmann%20Gunther&query_place_id=ChIJ535xWinhiZYR7UJDylnSmIo,5,2,2026-02-25,dentista Valparaíso
Colegio de Dentistas de Chile - Consejo Regional Valparaiso,dentistas,Valparaíso,"Pl. Vergara 172, of. 108, Viña del Mar, Valparaíso, Chile",+56961598163,https://colegiodentistasvregion.cl/,https://www.google.com/maps/search/?api=1&query=Colegio%20de%20Dentistas%20de%20Chile%20-%20Consejo%20Regional%20Valparaiso&query_place_id=ChIJv7YNwHvfiZYRMdiafr4mZhI,5,2,2026-02-25,dentista Valparaíso
Dr. Rolik,dentistas,Valparaíso,,+56986187390,https://www.instagram.com/dr.rolik/,https://www.google.com/maps/search/?api=1&query=Dr.%20Rolik&query_place_id=ChIJj37Oh05Z7agR8CYUThEvaEw,5,1,2026-02-25,dentista Valparaíso
Clínica Dental Sigma,dentistas,Valparaíso,"Edwards 660, oficina 205, 2340000 Valparaíso, Chile",+56989783377,,https://www.google.com/maps/search/?api=1&query=Cl%C3%ADnica%20Dental%20Sigma&query_place_id=ChIJ78jPhbDhiZYRznRSProbztQ,3,1,2026-02-25,dentista Valparaíso
MARCOS BAROUH SERRANO,dentistas,Valparaíso,"Yungay 1731 208, 2340000 Valparaíso, Chile",+56977684183,https://www.facebook.com/Dr-Marcos-Barouh-S-102457524466410/,https://www.google.com/maps/search/?api=1&query=MARCOS%20BAROUH%20SERRANO&query_place_id=ChIJUdvx9dfgiZYRvH5fntHZjLU,5,1,2026-02-25,dentista Valparaíso
Clínica Dental Startdent Calama,dentistas,Valparaíso,"Av. Granaderos, 1390828 Calama, Antofagasta, Chile",+56979688440,http://linkr.bio/startdent.chile,https://www.google.com/maps/search/?api=1&query=Cl%C3%ADnica%20Dental%20Startdent%20Calama&query_place_id=ChIJmR_zXr8JrJYRe-qktWd8i9M,,0,2026-02-25,dentista Valparaíso
Dra. Bárbara Márquez,dentistas,Valparaíso,,+56982347848,https://www.instagram.com/Dra.barbaramarquez_,https://www.google.com/maps/search/?api=1&query=Dra.%20B%C3%A1rbara%20M%C3%A1rquez&query_place_id=ChIJr0hAAf3tvgER37pW10DiINo,,0,2026-02-25,dentista Valparaíso
Dra.Vale Navarro,dentistas,Valparaíso,,+56932337664,https://www.instagram.com/dra.valenavarro?igsh=MWljZGdmeTAxcThjMg==,https://www.google.com/maps/search/?api=1&query=Dra.Vale%20Navarro&query_place_id=ChIJvX233Pu0i0AR0cO6a8px4Lg,,0,2026-02-25,dentista Valparaíso
ValentiDent,dentistas,Valparaíso,,+56987939661,,https://www.google.com/maps/search/?api=1&query=ValentiDent&query_place_id=ChIJUyzNWkllio4Rmv9cYgDyjgw,,0,2026-02-25,dentista Valparaíso
Consulta Dental Dr. Carlos Nuñez,dentistas,Valparaíso,,+56987228611,https://www.linkedin.com/in/cdcarlosnunezn/,https://www.google.com/maps/search/?api=1&query=Consulta%20Dental%20Dr.%20Carlos%20Nu%C3%B1ez&query_place_id=ChIJh-9n2QbYDoYRtO0fFhrD66c,,0,2026-02-25,dentista Valparaíso
Clinica Dental Sabioncello,dentistas,Valparaíso,,+56984151847,,https://www.google.com/maps/search/?api=1&query=Clinica%20Dental%20Sabioncello&query_place_id=ChIJueteRX9TFEMRE-_iZI4VT3s,,0,2026-02-25,dentista Valparaíso
Clínica Dental Belladent,dentistas,Valparaíso,"Edificio Costanera - Uruguay 385, 2340000 Valparaíso, Chile",+56322219619,https://www.facebook.com/profile.php?id=100033139664064,https://www.google.com/maps/search/?api=1&query=Cl%C3%ADnica%20Dental%20Belladent&query_place_id=ChIJ_5xkM9vgiZYRlRvOrqxqBdE,,0,2026-02-25,dentista Valparaíso
Imedent Valparaíso,dentistas,Valparaíso,"Pedro Montt 1937, Piso 1, 17, 2362938 Valparaíso, Chile",+56322251171,,https://www.google.com/maps/search/?api=1&query=Imedent%20Valpara%C3%ADso&query_place_id=ChIJJdCev4zhiZYRsCISc1aQ8gY,,0,2026-02-25,dentista Valparaíso
"Leónardo Cristián Ulloa Arancibia, María Elena Valdivia Rozas",dentistas,Valparaíso,"Uruguay 385, 2340101 Valparaíso, Chile",+56951296719,,https://www.google.com/maps/search/?api=1&query=Le%C3%B3nardo%20Cristi%C3%A1n%20Ulloa%20Arancibia%2C%20Mar%C3%ADa%20Elena%20Valdivia%20Rozas&query_place_id=ChIJp_BKM9vgiZYR6oE4iAh02X4,,0,2026-02-25,dentista Valparaíso
Mercado Cardonal,inmobiliarias,Valparaíso,"Uruguay 125, Valparaíso, Chile",+56322210066,http://www.mercadocardonal.com/,https://www.google.com/maps/search/?api=1&query=Mercado%20Cardonal&query_place_id=ChIJBX9MNcXgiZYRLFQAsIBZIgY,4,9976,2026-02-25,inmobiliaria Valparaíso
Mirador Barón,inmobiliarias,Valparaíso,"Diego Portales 340, Valparaíso, Chile",,https://www.miradorbaron.cl/,https://www.google.com/maps/search/?api=1&query=Mirador%20Bar%C3%B3n&query_place_id=ChIJg91Ubs_giZYR0z7bAwIJF94,4.6,984,2026-02-25,inmobiliaria Valparaíso
Conservador de Bienes Raíces - Antofagasta,inmobiliarias,Valparaíso,"Av. Balmaceda 2516, Antofagasta, Chile",+56552517900,https://www.cbrantofagasta.cl/,https://www.google.com/maps/search/?api=1&query=Conservador%20de%20Bienes%20Ra%C3%ADces%20-%20Antofagasta&query_place_id=ChIJT0EZ9j3Vr5YRwmPmkgaTOEc,3.6,373,2026-02-25,inmobiliaria Valparaíso
Edificio Alto Placeres,inmobiliarias,Valparaíso,"Carmen 446, Valparaíso, Chile",+56323283149,http://www.altoplaceres.cl/,https://www.google.com/maps/search/?api=1&query=Edificio%20Alto%20Placeres&query_place_id=ChIJRXXAcrfgiZYR6aSGJ0lyTYI,4.6,200,2026-02-25,inmobiliaria Valparaíso
"CONSERVADOR DE BIENES RAÍCES, COMERCIO, MINAS Y ARCHIVERO JUDICIAL",inmobiliarias,Valparaíso,"Los Carrera 284, 4200478 Coronel, Bío Bío, Chile",+56412711126,http://www.conservadorcoronel.cl/,https://www.google.com/maps/search/?api=1&query=CONSERVADOR%20DE%20BIENES%20RA%C3%8DCES%2C%20COMERCIO%2C%20MINAS%20Y%20ARCHIVERO%20JUDICIAL&query_place_id=ChIJ04qKbzDBaZYRIT_GXjk0I3M,4,126,2026-02-25,inmobiliaria Valparaíso
Alfalfares,inmobiliarias,Valparaíso,"n°154, Parcela 32, Valparaíso, Quillota, Valparaíso, Chile",+56989679991,,https://www.google.com/maps/search/?api=1&query=Alfalfares&query_place_id=ChIJQUUSo5jKkZYR6kOH16CKopw,4.4,108,2026-02-25,inmobiliaria Valparaíso
Cabañas El Mirador,inmobiliarias,Valparaíso,"Valparaiso ,Cocholgue Tomé, 4160000 Biobío, Chile",+56973082991,http://www.xn--cabaaselmiradorcocholgue-3kc.cl/,https://www.google.com/maps/search/?api=1&query=Caba%C3%B1as%20El%20Mirador&query_place_id=ChIJKy-dEP1PaJYRT20ANyQ2Bdc,4.1,70,2026-02-25,inmobiliaria Valparaíso
Gloria Propiedades,inmobiliarias,Valparaíso,"Av. Fundadores 717, 2372528 Curauma, Valparaíso, Chile",+56954063286,https://www.gloriapropiedades.cl/,https://www.google.com/maps/search/?api=1&query=Gloria%20Propiedades&query_place_id=ChIJ8xYnRil1YpYRNObi6kpvIX4,4.8,63,2026-02-25,inmobiliaria Valparaíso
Edificio Mirador Barón,inmobiliarias,Valparaíso,"AV, Diego Portales 449, 2353223 Valparaíso, Chile",+56322595543,http://www.miradorbaron.cl/,https://www.google.com/maps/search/?api=1&query=Edificio%20Mirador%20Bar%C3%B3n&query_place_id=ChIJ_yTNFuvhiZYREsfpAqvGClM,4.7,62,2026-02-25,inmobiliaria Valparaíso
INMOBILIARIA ASVICORP LTDA.,inmobiliarias,Valparaíso,"Uruguay N°385, Oficinas 37 y 38, 2340000 Valparaíso, Chile",+56994501517,https://www.asvicorp.cl/,https://www.google.com/maps/search/?api=1&query=INMOBILIARIA%20ASVICORP%20LTDA.&query_place_id=ChIJkaEIM9vgiZYRQ2wjjSm_lCk,3.9,44,2026-02-25,inmobiliaria Valparaíso
Conservador De Bienes Raíces De Constitución,inmobiliarias,Valparaíso,"Oñederra 623-697, 3560074 Constitución, Maule, Chile",+56712671223,http://www.conservadorconstitucion.cl/,https://www.google.com/maps/search/?api=1&query=Conservador%20De%20Bienes%20Ra%C3%ADces%20De%20Constituci%C3%B3n&query_place_id=ChIJ5TnLOjpfZpYRh9bCjObVGhU,3.8,40,2026-02-25,inmobiliaria Valparaíso
Valles de La Florida,inmobiliarias,Valparaíso,"O'Higgins 143, Talca, Maule, Chile",+56939550771,http://fervali.cl/valles-de-la-florida/,https://www.google.com/maps/search/?api=1&query=Valles%20de%20La%20Florida&query_place_id=ChIJ5UYpaCrFZZYRKLihpLYXwSM,4.7,36,2026-02-25,inmobiliaria Valparaíso
Inmobiliaria Aconcagua - San Pablo de Curauma,inmobiliarias,Valparaíso,"Av. Lomas de la Luz 413, 2373301 Valparaíso, Chile",+56991585000,https://www.iaconcagua.com/,https://www.google.com/maps/search/?api=1&query=Inmobiliaria%20Aconcagua%20-%20San%20Pablo%20de%20Curauma&query_place_id=ChIJMQhWr1J1YpYRNAP4iLLxklo,4.3,35,2026-02-25,inmobiliaria Valparaíso
Edificio MarParaíso VI - Icafal Inmobiliaria,inmobiliarias,Valparaíso,"Leonidas Valenzuela 1288, 2391373 Valparaíso, Chile",+56322799053,,https://www.google.com/maps/search/?api=1&query=Edificio%20MarPara%C3%ADso%20VI%20-%20Icafal%20Inmobiliaria&query_place_id=ChIJ2T2tXbvgiZYRCH5lctxoiBY,4,33,2026-02-25,inmobiliaria Valparaíso
Edificio Geopark,inmobiliarias,Valparaíso,"Morris 776, 2340000 Valparaíso, Chile",+56942899384,,https://www.google.com/maps/search/?api=1&query=Edificio%20Geopark&query_place_id=ChIJLxt3v9zgiZYRiR9DFW7jnuc,4.3,21,2026-02-25,inmobiliaria Valparaíso
Propiedades Patricia Sepulveda,inmobiliarias,Valparaíso,"Urriola 692 - Cerro Concepcion, 2370880 Valparaíso, Chile",+56322236815,http://www.patriciasepulveda.cl/,https://www.google.com/maps/search/?api=1&query=Propiedades%20Patricia%20Sepulveda&query_place_id=ChIJrw8xbi7hiZYRkOky0OJdyiU,3.9,20,2026-02-25,inmobiliaria Valparaíso
La Casa de la Costura,inmobiliarias,Valparaíso,"Salvador Donoso 1402, 2362840 Valparaíso, Chile",+56322233885,,https://www.google.com/maps/search/?api=1&query=La%20Casa%20de%20la%20Costura&query_place_id=ChIJG2s5ZCjhiZYRA76IORq9tDk,3.8,19,2026-02-25,inmobiliaria Valparaíso
Leeson Propiedades,inmobiliarias,Valparaíso,"Cerro Alegre, Valparaíso, Chile",+56993323638,http://www.leesonpropiedades.cl/,https://www.google.com/maps/search/?api=1&query=Leeson%20Propiedades&query_place_id=ChIJM7MhMyzhiZYRnRZVJcrCxzs,4.1,17,2026-02-25,inmobiliaria Valparaíso
Ministerío de Bienes Nacionales,inmobiliarias,Valparaíso,"Los Carrera 1291, 5312425 Osorno, Los Lagos, Chile",+56800104559,http://www.bienesnacionales.cl/,https://www.google.com/maps/search/?api=1&query=Minister%C3%ADo%20de%20Bienes%20Nacionales&query_place_id=ChIJ8cDUFGc2FpYRl10xIFqdhCw,4.4,17,2026-02-25,inmobiliaria Valparaíso
Inmobiliaria Soterra,inmobiliarias,Valparaíso,"0000041 Concepción, Bío Bío, Chile",+56412953236,http://www.soterra.cl/,https://www.google.com/maps/search/?api=1&query=Inmobiliaria%20Soterra&query_place_id=ChIJPcY_Hnq1aZYRIkpRq-ixXOg,3.5,15,2026-02-25,inmobiliaria Valparaíso
Condominio Bahía de Valparaíso,inmobiliarias,Valparaíso,"Los Pinos 937, 2351051 Valparaíso, Chile",+56956695504,,https://www.google.com/maps/search/?api=1&query=Condominio%20Bah%C3%ADa%20de%20Valpara%C3%ADso&query_place_id=ChIJRbDgr5XgiZYR-3osPf35F0A,4.7,14,2026-02-25,inmobiliaria Valparaíso
IVL Inversiones Inmobiliarias,inmobiliarias,Valparaíso,"San Pedro Nº 190, Frutillar, Los Lagos, Chile",+56965733589,,https://www.google.com/maps/search/?api=1&query=IVL%20Inversiones%20Inmobiliarias&query_place_id=ChIJzTjoTpqSF5YRXnKBZMw9N_4,2.4,14,2026-02-25,inmobiliaria Valparaíso
Invica Concepción,inmobiliarias,Valparaíso,"Lincoyán 194, 4070271 Concepción, Bío Bío, Chile",+56412521291,http://www.invica.cl/,https://www.google.com/maps/search/?api=1&query=Invica%20Concepci%C3%B3n&query_place_id=ChIJT_7NXNe1aZYRsIQ1ACoZTT8,2.5,11,2026-02-25,inmobiliaria Valparaíso
Debussy Propiedades,inmobiliarias,Valparaíso,"Serrano 543, 2340000 Valparaíso, Chile",+56989063112,http://debussy.cl/,https://www.google.com/maps/search/?api=1&query=Debussy%20Propiedades&query_place_id=ChIJEZUtafLhiZYRTPnOKMjPWV4,5,11,2026-02-25,inmobiliaria Valparaíso
Claudia Propiedades,inmobiliarias,Valparaíso,"Blanco 1041, Oficina 75, 2340000 Valparaíso, Chile",+56323262549,http://www.claudiapropiedades.cl/,https://www.google.com/maps/search/?api=1&query=Claudia%20Propiedades&query_place_id=ChIJUdvZXCnhiZYRHgJbvQEyDiw,4.6,10,2026-02-25,inmobiliaria Valparaíso
RentApart En Valparaíso,inmobiliarias,Valparaíso,"Diego Portales 736, 2350043 Valparaíso, Chile",+56978481226,http://vistabaron.cl/,https://www.google.com/maps/search/?api=1&query=RentApart%20En%20Valpara%C3%ADso&query_place_id=ChIJ5xej5GvhiZYRDAFOMQ4TPt0,5,9,2026-02-25,inmobiliaria Valparaíso
Nexo Consultores Profesionales,inmobiliarias,Valparaíso,"Castellón 941, 4030310 Concepción, Bío Bío, Chile",+56412463883,http://www.nexoconsultores.cl/,https://www.google.com/maps/search/?api=1&query=Nexo%20Consultores%20Profesionales&query_place_id=ChIJs_2Y34G2aZYRh1K77Ok8UCg,4,8,2026-02-25,inmobiliaria Valparaíso
Cecilia Olga Molina Cristallini,inmobiliarias,Valparaíso,"Uruguay 385, Of 37, 2363350 Valparaíso, Chile",+56322594152,http://www.asvicorp.cl/,https://www.google.com/maps/search/?api=1&query=Cecilia%20Olga%20Molina%20Cristallini&query_place_id=ChIJNU22NNvgiZYR4qBILH9E36g,4.9,7,2026-02-25,inmobiliaria Valparaíso
Constantino Propiedades,inmobiliarias,Valparaíso,"Van Buren 2895, 2340252 Valparaíso, Chile",+56995415317,,https://www.google.com/maps/search/?api=1&query=Constantino%20Propiedades&query_place_id=ChIJq9w14sLgiZYR8G2_zPcig30,5,7,2026-02-25,inmobiliaria Valparaíso
corredora de propiedades,inmobiliarias,Valparaíso,"1 sur 770 departamento 3-C, 3460000 Talca, Maule, Chile",+56961001220,,https://www.google.com/maps/search/?api=1&query=corredora%20de%20propiedades&query_place_id=ChIJVV6LRrnGZZYRMUlNwMg1PjM,3.7,6,2026-02-25,inmobiliaria Valparaíso
Delpiso Gestión Inmobiliaria,inmobiliarias,Valparaíso,"Cochrane 639, Of. 112, 2361801 Valparaíso, Chile",+56994547662,http://www.delpiso.cl/,https://www.google.com/maps/search/?api=1&query=Delpiso%20Gesti%C3%B3n%20Inmobiliaria&query_place_id=ChIJzY669I3hiZYRDyG6YkDgUPU,5,5,2026-02-25,inmobiliaria Valparaíso
Inmobilia,inmobiliarias,Valparaíso,"Esmeralda 1040, 2361888 Valparaíso, Chile",+56322256188,http://www.inmobiliachile.cl/,https://www.google.com/maps/search/?api=1&query=Inmobilia&query_place_id=ChIJa9yMRSnhiZYR2h41q-7tMGA,2.3,3,2026-02-25,inmobiliaria Valparaíso
GESTION INMOBILIARIA,inmobiliarias,Valparaíso,"Cochrane 1164, 4070120 Concepción, Bío Bío, Chile",+56991261249,http://realgestioninmobiliaria.cl/category/arriendo/,https://www.google.com/maps/search/?api=1&query=GESTION%20INMOBILIARIA&query_place_id=ChIJZ1gBFdO1aZYRxoNB8JrEAhE,5,3,2026-02-25,inmobiliaria Valparaíso
Chile Sotheby´s International Realty - Puerto Varas,inmobiliarias,Valparaíso,"Condor 948, 5550655 Puerto Varas, Los Lagos, Chile",+56956085017,http://www.chilesir.com/,https://www.google.com/maps/search/?api=1&query=Chile%20Sotheby%C2%B4s%20International%20Realty%20-%20Puerto%20Varas&query_place_id=ChIJwxzqiRUnGJYR7SghkmCaDdk,3.7,3,2026-02-25,inmobiliaria Valparaíso
Molina Propiedades,inmobiliarias,Valparaíso,"San Ignacio 1381, 5550000 Puerto Varas, Los Lagos, Chile",+56996446959,http://www.molinapropiedades.cl/,https://www.google.com/maps/search/?api=1&query=Molina%20Propiedades&query_place_id=ChIJSb28ttcmGJYRLbOESfxnm38,2.3,3,2026-02-25,inmobiliaria Valparaíso
Nothofagus Propiedades,inmobiliarias,Valparaíso,"Del Salvador, 5550199 Puerto Varas, Los Lagos, Chile",+56977328066,http://www.nothofaguspropiedades.cl/,https://www.google.com/maps/search/?api=1&query=Nothofagus%20Propiedades&query_place_id=ChIJk5jqZpwoGJYREXoIySoqb_s,2.3,3,2026-02-25,inmobiliaria Valparaíso
El Solar de Pucón,inmobiliarias,Valparaíso,"39°18'22. 72°02'19.6""W, Chile 6, Valparaíso, Región de Valparaíso, Chile",+56223481920,,https://www.google.com/maps/search/?api=1&query=El%20Solar%20de%20Puc%C3%B3n&query_place_id=ChIJh1g5zax-FJYRCcnjOjIDnro,5,3,2026-02-25,inmobiliaria Valparaíso
Departamento Gimar,inmobiliarias,Valparaíso,"Condominio Alto La Paloma, Volcán Corcovado 5582, 5480000 Puerto Montt, Los Lagos, Chile",+56998931167,http://www.gimar.cl/,https://www.google.com/maps/search/?api=1&query=Departamento%20Gimar&query_place_id=ChIJcSaflt47GJYRCcdmmImUISo,4.7,3,2026-02-25,inmobiliaria Valparaíso
Uka Moana en Easter Island,inmobiliarias,Valparaíso,"sin numero - Ara Piki, 2770000 Isla de Pascua, Valparaíso, Chile",+56982933983,,https://www.google.com/maps/search/?api=1&query=Uka%20Moana%20en%20Easter%20Island&query_place_id=ChIJoYwTbQX7R5kRk-tL_UFP9aY,5,3,2026-02-25,inmobiliaria Valparaíso
Propidades Jeanneth,inmobiliarias,Valparaíso,"Condell 1554, OF .4A y 4B, 2350000 Valparaíso, Chile",+56322212774,,https://www.google.com/maps/search/?api=1&query=Propidades%20Jeanneth&query_place_id=ChIJ91B46yfhiZYRZaYClsMQvJ4,5,2,2026-02-25,inmobiliaria Valparaíso
AGINVA Agencia Inmobiliaria Valparaiso,inmobiliarias,Valparaíso,"Bellavista 168, 2362656 Valparaíso, Chile",+56322545710,http://www.aginva.cl/,https://www.google.com/maps/search/?api=1&query=AGINVA%20Agencia%20Inmobiliaria%20Valparaiso&query_place_id=ChIJPTan-CjhiZYR_jQ3RIGCt9w,5,2,2026-02-25,inmobiliaria Valparaíso
Puerto Principal Centro Comercial y Artesanal,inmobiliarias,Valparaíso,"Pedro Montt 1951, 2362938 Valparaíso, Chile",+56322216628,,https://www.google.com/maps/search/?api=1&query=Puerto%20Principal%20Centro%20Comercial%20y%20Artesanal&query_place_id=ChIJV_c-stngiZYRP90g1CMjmIk,5,2,2026-02-25,inmobiliaria Valparaíso
Condominio Palmas del Sur 2 - RVC,inmobiliarias,Valparaíso,"Av. Jaime Guzmán Errázuriz 04080, 1272044 Antofagasta, Chile",+56966088985,https://www.rvc.cl/proyecto/condominio-palmas-del-sur-ii/,https://www.google.com/maps/search/?api=1&query=Condominio%20Palmas%20del%20Sur%202%20-%20RVC&query_place_id=ChIJm3Zhos0rsJYR_C5M1pXCKQU,5,2,2026-02-25,inmobiliaria Valparaíso
Inmobiliaria Urbano,inmobiliarias,Valparaíso,"4150217 Penco, Bío Bío, Chile",+56412459090,,https://www.google.com/maps/search/?api=1&query=Inmobiliaria%20Urbano&query_place_id=ChIJB8HYB6pMaJYRGyglMZoTfag,5,1,2026-02-25,inmobiliaria Valparaíso
Atamu Ranch,inmobiliarias,Valparaíso,"Vai Kia Kia, Isla de Pascua, Valparaíso, Chile",+56939168420,https://www.instagram.com/matamea_kingdom/,https://www.google.com/maps/search/?api=1&query=Atamu%20Ranch&query_place_id=ChIJLWjaAQD7R5kR5yBDsAFJiZM,5,1,2026-02-25,inmobiliaria Valparaíso
Le Fame Propiedades,inmobiliarias,Valparaíso,"Urriola 396, of. B, 2340000 Valparaíso, Chile",+56323360008,http://www.lefamechile.com/,https://www.google.com/maps/search/?api=1&query=Le%20Fame%20Propiedades&query_place_id=ChIJWd1aLyzhiZYREfM9v0z_voc,,0,2026-02-25,inmobiliaria Valparaíso
corredora de propiedades Inara Rancagua,inmobiliarias,Valparaíso,"Valparaíso 371, 2820000 Rancagua, O'Higgins, Chile",+56931961211,,https://www.google.com/maps/search/?api=1&query=corredora%20de%20propiedades%20Inara%20Rancagua&query_place_id=ChIJuwbBzqRDY5YRNZdg6EmEhug,,0,2026-02-25,inmobiliaria Valparaíso
Edificio Cachapoal,inmobiliarias,Valparaíso,"Cachapoal 228, 2841160 Rancagua, O'Higgins, Chile",+56963898086,https://mialborada.cl/proyectos/edificio-cachapoal/,https://www.google.com/maps/search/?api=1&query=Edificio%20Cachapoal&query_place_id=ChIJGcHPnBZDY5YRv7ZTueFU2XE,,0,2026-02-25,inmobiliaria Valparaíso
SYF Propiedades SPA,inmobiliarias,Valparaíso,"Samuel Román Rojas 900, Rancagua, O'Higgins, Chile",+56969181650,,https://www.google.com/maps/search/?api=1&query=SYF%20Propiedades%20SPA&query_place_id=ChIJe5wR5ZdDY5YRi9RUH5-AOaU,,0,2026-02-25,inmobiliaria Valparaíso
Arriendo y Venta Propiedades,inmobiliarias,Valparaíso,"Cumming 48, of. 33, 2380010 Valparaíso, Chile",+56990515632,,https://www.google.com/maps/search/?api=1&query=Arriendo%20y%20Venta%20Propiedades&query_place_id=ChIJUXNoKinhiZYRZXlHzGBfCq4,,0,2026-02-25,inmobiliaria Valparaíso
Coo,inmobiliarias,Valparaíso,"Manuiti, Hanga Roa, Isla de Pascua, Valparaíso, Chile",+56971020585,,https://www.google.com/maps/search/?api=1&query=Coo&query_place_id=ChIJdTdZBAD7R5kRkxHXaHvqphg,,0,2026-02-25,inmobiliaria Valparaíso
Heretea y Dhar,inmobiliarias,Valparaíso,"Piataro s/n, 2770000 Isla de Pascua, Valparaíso, Chile",+56975168683,,https://www.google.com/maps/search/?api=1&query=Heretea%20y%20Dhar&query_place_id=ChIJ_wo23VD7R5kRUMMKydG_YLU,,0,2026-02-25,inmobiliaria Valparaíso